graph,app,l3_size,family,regime,policy,miss_rate,oracle,gap_pp,is_winner,n_policies_in_cell
cit-Patents,bc,1MB,citation,large,GRASP,0.929529,0.928955,0.057,0,4
cit-Patents,bc,1MB,citation,large,LRU,0.945117,0.928955,1.616,0,4
cit-Patents,bc,1MB,citation,large,POPT,0.928955,0.928955,0.000,1,4
cit-Patents,bc,1MB,citation,large,SRRIP,0.942569,0.928955,1.361,0,4
cit-Patents,bc,4MB,citation,large,GRASP,0.782743,0.782743,0.000,1,4
cit-Patents,bc,4MB,citation,large,LRU,0.818927,0.782743,3.618,0,4
cit-Patents,bc,4MB,citation,large,POPT,0.794997,0.782743,1.225,0,4
cit-Patents,bc,4MB,citation,large,SRRIP,0.808237,0.782743,2.549,0,4
cit-Patents,bc,8MB,citation,large,GRASP,0.641045,0.641045,0.000,1,4
cit-Patents,bc,8MB,citation,large,LRU,0.686411,0.641045,4.537,0,4
cit-Patents,bc,8MB,citation,large,POPT,0.664142,0.641045,2.310,0,4
cit-Patents,bc,8MB,citation,large,SRRIP,0.666055,0.641045,2.501,0,4
cit-Patents,bfs,1MB,citation,large,GRASP,0.973837,0.972364,0.147,0,4
cit-Patents,bfs,1MB,citation,large,LRU,0.981460,0.972364,0.910,0,4
cit-Patents,bfs,1MB,citation,large,POPT,0.972364,0.972364,0.000,1,4
cit-Patents,bfs,1MB,citation,large,SRRIP,0.979057,0.972364,0.669,0,4
cit-Patents,bfs,4MB,citation,large,GRASP,0.902658,0.902658,0.000,1,4
cit-Patents,bfs,4MB,citation,large,LRU,0.946715,0.902658,4.406,0,4
cit-Patents,bfs,4MB,citation,large,POPT,0.910449,0.902658,0.779,0,4
cit-Patents,bfs,4MB,citation,large,SRRIP,0.941754,0.902658,3.910,0,4
cit-Patents,bfs,8MB,citation,large,GRASP,0.871203,0.840295,3.091,0,4
cit-Patents,bfs,8MB,citation,large,LRU,0.921363,0.840295,8.107,0,4
cit-Patents,bfs,8MB,citation,large,POPT,0.840295,0.840295,0.000,1,4
cit-Patents,bfs,8MB,citation,large,SRRIP,0.918701,0.840295,7.841,0,4
cit-Patents,cc,1MB,citation,large,GRASP,0.559035,0.547963,1.107,0,4
cit-Patents,cc,1MB,citation,large,LRU,0.666820,0.547963,11.886,0,4
cit-Patents,cc,1MB,citation,large,POPT,0.547963,0.547963,0.000,1,4
cit-Patents,cc,1MB,citation,large,SRRIP,0.626239,0.547963,7.828,0,4
cit-Patents,cc,4MB,citation,large,GRASP,0.265725,0.265725,0.000,1,4
cit-Patents,cc,4MB,citation,large,LRU,0.336914,0.265725,7.119,0,4
cit-Patents,cc,4MB,citation,large,POPT,0.270953,0.265725,0.523,0,4
cit-Patents,cc,4MB,citation,large,SRRIP,0.313595,0.265725,4.787,0,4
cit-Patents,cc,8MB,citation,large,GRASP,0.126131,0.126131,0.000,1,4
cit-Patents,cc,8MB,citation,large,LRU,0.197967,0.126131,7.184,0,4
cit-Patents,cc,8MB,citation,large,POPT,0.144625,0.126131,1.849,0,4
cit-Patents,cc,8MB,citation,large,SRRIP,0.175707,0.126131,4.958,0,4
cit-Patents,pr,1MB,citation,large,GRASP,0.818199,0.730118,8.808,0,4
cit-Patents,pr,1MB,citation,large,LRU,0.895106,0.730118,16.499,0,4
cit-Patents,pr,1MB,citation,large,POPT,0.730118,0.730118,0.000,1,4
cit-Patents,pr,1MB,citation,large,SRRIP,0.880294,0.730118,15.018,0,4
cit-Patents,pr,4MB,citation,large,GRASP,0.453217,0.347413,10.580,0,4
cit-Patents,pr,4MB,citation,large,LRU,0.590052,0.347413,24.264,0,4
cit-Patents,pr,4MB,citation,large,POPT,0.347413,0.347413,0.000,1,4
cit-Patents,pr,4MB,citation,large,SRRIP,0.546644,0.347413,19.923,0,4
cit-Patents,pr,8MB,citation,large,GRASP,0.224824,0.178828,4.600,0,4
cit-Patents,pr,8MB,citation,large,LRU,0.326200,0.178828,14.737,0,4
cit-Patents,pr,8MB,citation,large,POPT,0.178828,0.178828,0.000,1,4
cit-Patents,pr,8MB,citation,large,SRRIP,0.274511,0.178828,9.568,0,4
cit-Patents,sssp,1MB,citation,large,GRASP,0.833649,0.833649,0.000,1,4
cit-Patents,sssp,1MB,citation,large,LRU,0.876830,0.833649,4.318,0,4
cit-Patents,sssp,1MB,citation,large,POPT,0.839685,0.833649,0.604,0,4
cit-Patents,sssp,1MB,citation,large,SRRIP,0.870070,0.833649,3.642,0,4
cit-Patents,sssp,4MB,citation,large,GRASP,0.497809,0.497809,0.000,1,4
cit-Patents,sssp,4MB,citation,large,LRU,0.568128,0.497809,7.032,0,4
cit-Patents,sssp,4MB,citation,large,POPT,0.507291,0.497809,0.948,0,4
cit-Patents,sssp,4MB,citation,large,SRRIP,0.546124,0.497809,4.832,0,4
cit-Patents,sssp,8MB,citation,large,GRASP,0.228219,0.226856,0.136,0,4
cit-Patents,sssp,8MB,citation,large,LRU,0.270869,0.226856,4.401,0,4
cit-Patents,sssp,8MB,citation,large,POPT,0.226856,0.226856,0.000,1,4
cit-Patents,sssp,8MB,citation,large,SRRIP,0.249261,0.226856,2.241,0,4
delaunay_n19,pr,4kB,mesh,tiny,GRASP,0.999998,0.999998,0.000,1,4
delaunay_n19,pr,4kB,mesh,tiny,LRU,1.000000,0.999998,0.000,0,4
delaunay_n19,pr,4kB,mesh,tiny,POPT,1.000000,0.999998,0.000,0,4
delaunay_n19,pr,4kB,mesh,tiny,SRRIP,1.000000,0.999998,0.000,0,4
delaunay_n19,pr,16kB,mesh,tiny,GRASP,0.999740,0.996143,0.360,0,4
delaunay_n19,pr,16kB,mesh,tiny,LRU,1.000000,0.996143,0.386,0,4
delaunay_n19,pr,16kB,mesh,tiny,POPT,0.996143,0.996143,0.000,1,4
delaunay_n19,pr,16kB,mesh,tiny,SRRIP,1.000000,0.996143,0.386,0,4
delaunay_n19,pr,64kB,mesh,tiny,GRASP,0.997298,0.974611,2.269,0,4
delaunay_n19,pr,64kB,mesh,tiny,LRU,1.000000,0.974611,2.539,0,4
delaunay_n19,pr,64kB,mesh,tiny,POPT,0.974611,0.974611,0.000,1,4
delaunay_n19,pr,64kB,mesh,tiny,SRRIP,1.000000,0.974611,2.539,0,4
delaunay_n19,pr,256kB,mesh,small,GRASP,0.982951,0.927952,5.500,0,4
delaunay_n19,pr,256kB,mesh,small,LRU,0.999177,0.927952,7.122,0,4
delaunay_n19,pr,256kB,mesh,small,POPT,0.927952,0.927952,0.000,1,4
delaunay_n19,pr,256kB,mesh,small,SRRIP,0.999095,0.927952,7.114,0,4
delaunay_n19,pr,1MB,mesh,large,GRASP,0.851601,0.790367,6.123,0,4
delaunay_n19,pr,1MB,mesh,large,LRU,0.966764,0.790367,17.640,0,4
delaunay_n19,pr,1MB,mesh,large,POPT,0.790367,0.790367,0.000,1,4
delaunay_n19,pr,1MB,mesh,large,SRRIP,0.951847,0.790367,16.148,0,4
roadNet-CA,bc,4kB,road,tiny,GRASP,0.999992,0.999888,0.010,0,4
roadNet-CA,bc,4kB,road,tiny,LRU,1.000000,0.999888,0.011,0,4
roadNet-CA,bc,4kB,road,tiny,POPT,0.999888,0.999888,0.000,1,4
roadNet-CA,bc,4kB,road,tiny,SRRIP,1.000000,0.999888,0.011,0,4
roadNet-CA,bc,16kB,road,tiny,GRASP,0.999890,0.998439,0.145,0,4
roadNet-CA,bc,16kB,road,tiny,LRU,0.999998,0.998439,0.156,0,4
roadNet-CA,bc,16kB,road,tiny,POPT,0.998439,0.998439,0.000,1,4
roadNet-CA,bc,16kB,road,tiny,SRRIP,0.999998,0.998439,0.156,0,4
roadNet-CA,bc,64kB,road,tiny,GRASP,0.994350,0.994092,0.026,0,4
roadNet-CA,bc,64kB,road,tiny,LRU,0.999835,0.994092,0.574,0,4
roadNet-CA,bc,64kB,road,tiny,POPT,0.994092,0.994092,0.000,1,4
roadNet-CA,bc,64kB,road,tiny,SRRIP,0.999787,0.994092,0.570,0,4
roadNet-CA,bc,256kB,road,small,GRASP,0.915301,0.915301,0.000,1,4
roadNet-CA,bc,256kB,road,small,LRU,0.989179,0.915301,7.388,0,4
roadNet-CA,bc,256kB,road,small,POPT,0.948549,0.915301,3.325,0,4
roadNet-CA,bc,256kB,road,small,SRRIP,0.987384,0.915301,7.208,0,4
roadNet-CA,bc,1MB,road,large,GRASP,0.810849,0.648506,16.234,0,4
roadNet-CA,bc,1MB,road,large,LRU,0.648506,0.648506,0.000,1,4
roadNet-CA,bc,1MB,road,large,POPT,0.812494,0.648506,16.399,0,4
roadNet-CA,bc,1MB,road,large,SRRIP,0.654958,0.648506,0.645,0,4
roadNet-CA,bfs,4kB,road,tiny,GRASP,0.999762,0.999762,0.000,1,4
roadNet-CA,bfs,4kB,road,tiny,LRU,1.000000,0.999762,0.024,0,4
roadNet-CA,bfs,4kB,road,tiny,POPT,1.000000,0.999762,0.024,0,4
roadNet-CA,bfs,4kB,road,tiny,SRRIP,1.000000,0.999762,0.024,0,4
roadNet-CA,bfs,16kB,road,tiny,GRASP,0.995827,0.995827,0.000,1,4
roadNet-CA,bfs,16kB,road,tiny,LRU,1.000000,0.995827,0.417,0,4
roadNet-CA,bfs,16kB,road,tiny,POPT,0.999872,0.995827,0.404,0,4
roadNet-CA,bfs,16kB,road,tiny,SRRIP,1.000000,0.995827,0.417,0,4
roadNet-CA,bfs,64kB,road,tiny,GRASP,0.941734,0.941734,0.000,1,4
roadNet-CA,bfs,64kB,road,tiny,LRU,0.999563,0.941734,5.783,0,4
roadNet-CA,bfs,64kB,road,tiny,POPT,0.993871,0.941734,5.214,0,4
roadNet-CA,bfs,64kB,road,tiny,SRRIP,0.999460,0.941734,5.773,0,4
roadNet-CA,bfs,256kB,road,small,GRASP,0.876772,0.815930,6.084,0,4
roadNet-CA,bfs,256kB,road,small,LRU,0.939940,0.815930,12.401,0,4
roadNet-CA,bfs,256kB,road,small,POPT,0.815930,0.815930,0.000,1,4
roadNet-CA,bfs,256kB,road,small,SRRIP,0.931919,0.815930,11.599,0,4
roadNet-CA,bfs,1MB,road,large,GRASP,0.866917,0.241059,62.586,0,4
roadNet-CA,bfs,1MB,road,large,LRU,0.241059,0.241059,0.000,1,4
roadNet-CA,bfs,1MB,road,large,POPT,0.583970,0.241059,34.291,0,4
roadNet-CA,bfs,1MB,road,large,SRRIP,0.284867,0.241059,4.381,0,4
roadNet-CA,cc,4kB,road,tiny,GRASP,0.999194,0.999194,0.000,1,4
roadNet-CA,cc,4kB,road,tiny,LRU,1.000000,0.999194,0.081,0,4
roadNet-CA,cc,4kB,road,tiny,POPT,0.999958,0.999194,0.076,0,4
roadNet-CA,cc,4kB,road,tiny,SRRIP,1.000000,0.999194,0.081,0,4
roadNet-CA,cc,16kB,road,tiny,GRASP,0.996576,0.996576,0.000,1,4
roadNet-CA,cc,16kB,road,tiny,LRU,1.000000,0.996576,0.342,0,4
roadNet-CA,cc,16kB,road,tiny,POPT,0.999820,0.996576,0.324,0,4
roadNet-CA,cc,16kB,road,tiny,SRRIP,1.000000,0.996576,0.342,0,4
roadNet-CA,cc,64kB,road,tiny,GRASP,0.987479,0.987479,0.000,1,4
roadNet-CA,cc,64kB,road,tiny,LRU,0.999997,0.987479,1.252,0,4
roadNet-CA,cc,64kB,road,tiny,POPT,0.998477,0.987479,1.100,0,4
roadNet-CA,cc,64kB,road,tiny,SRRIP,0.999997,0.987479,1.252,0,4
roadNet-CA,cc,256kB,road,small,GRASP,0.962523,0.962523,0.000,1,4
roadNet-CA,cc,256kB,road,small,LRU,0.999765,0.962523,3.724,0,4
roadNet-CA,cc,256kB,road,small,POPT,0.983587,0.962523,2.106,0,4
roadNet-CA,cc,256kB,road,small,SRRIP,0.999754,0.962523,3.723,0,4
roadNet-CA,cc,1MB,road,large,GRASP,0.865354,0.865354,0.000,1,4
roadNet-CA,cc,1MB,road,large,LRU,0.991693,0.865354,12.634,0,4
roadNet-CA,cc,1MB,road,large,POPT,0.931169,0.865354,6.582,0,4
roadNet-CA,cc,1MB,road,large,SRRIP,0.990865,0.865354,12.551,0,4
roadNet-CA,pr,4kB,road,tiny,GRASP,0.999644,0.999644,0.000,1,4
roadNet-CA,pr,4kB,road,tiny,LRU,1.000000,0.999644,0.036,0,4
roadNet-CA,pr,4kB,road,tiny,POPT,1.000000,0.999644,0.036,0,4
roadNet-CA,pr,4kB,road,tiny,SRRIP,1.000000,0.999644,0.036,0,4
roadNet-CA,pr,16kB,road,tiny,GRASP,0.999512,0.999512,0.000,1,4
roadNet-CA,pr,16kB,road,tiny,LRU,1.000000,0.999512,0.049,0,4
roadNet-CA,pr,16kB,road,tiny,POPT,0.999947,0.999512,0.044,0,4
roadNet-CA,pr,16kB,road,tiny,SRRIP,1.000000,0.999512,0.049,0,4
roadNet-CA,pr,64kB,road,tiny,GRASP,0.999210,0.988321,1.089,0,4
roadNet-CA,pr,64kB,road,tiny,LRU,0.999999,0.988321,1.168,0,4
roadNet-CA,pr,64kB,road,tiny,POPT,0.988321,0.988321,0.000,1,4
roadNet-CA,pr,64kB,road,tiny,SRRIP,0.999999,0.988321,1.168,0,4
roadNet-CA,pr,256kB,road,small,GRASP,0.988995,0.943295,4.570,0,4
roadNet-CA,pr,256kB,road,small,LRU,0.995285,0.943295,5.199,0,4
roadNet-CA,pr,256kB,road,small,POPT,0.943295,0.943295,0.000,1,4
roadNet-CA,pr,256kB,road,small,SRRIP,0.995039,0.943295,5.174,0,4
roadNet-CA,pr,1MB,road,large,GRASP,0.978026,0.907752,7.027,0,4
roadNet-CA,pr,1MB,road,large,LRU,0.952502,0.907752,4.475,0,4
roadNet-CA,pr,1MB,road,large,POPT,0.907752,0.907752,0.000,1,4
roadNet-CA,pr,1MB,road,large,SRRIP,0.953039,0.907752,4.529,0,4
roadNet-CA,sssp,4kB,road,tiny,GRASP,0.999397,0.999397,0.000,1,4
roadNet-CA,sssp,4kB,road,tiny,LRU,1.000000,0.999397,0.060,0,4
roadNet-CA,sssp,4kB,road,tiny,POPT,0.999942,0.999397,0.055,0,4
roadNet-CA,sssp,4kB,road,tiny,SRRIP,1.000000,0.999397,0.060,0,4
roadNet-CA,sssp,16kB,road,tiny,GRASP,0.986344,0.986344,0.000,1,4
roadNet-CA,sssp,16kB,road,tiny,LRU,0.999739,0.986344,1.340,0,4
roadNet-CA,sssp,16kB,road,tiny,POPT,0.996549,0.986344,1.021,0,4
roadNet-CA,sssp,16kB,road,tiny,SRRIP,0.999600,0.986344,1.326,0,4
roadNet-CA,sssp,64kB,road,tiny,GRASP,0.869996,0.869996,0.000,1,4
roadNet-CA,sssp,64kB,road,tiny,LRU,0.973073,0.869996,10.308,0,4
roadNet-CA,sssp,64kB,road,tiny,POPT,0.932386,0.869996,6.239,0,4
roadNet-CA,sssp,64kB,road,tiny,SRRIP,0.967002,0.869996,9.701,0,4
roadNet-CA,sssp,256kB,road,small,GRASP,0.800503,0.550468,25.004,0,4
roadNet-CA,sssp,256kB,road,small,LRU,0.565672,0.550468,1.520,0,4
roadNet-CA,sssp,256kB,road,small,POPT,0.612118,0.550468,6.165,0,4
roadNet-CA,sssp,256kB,road,small,SRRIP,0.550468,0.550468,0.000,1,4
roadNet-CA,sssp,1MB,road,large,GRASP,0.724823,0.166549,55.827,0,4
roadNet-CA,sssp,1MB,road,large,LRU,0.166549,0.166549,0.000,1,4
roadNet-CA,sssp,1MB,road,large,POPT,0.254540,0.166549,8.799,0,4
roadNet-CA,sssp,1MB,road,large,SRRIP,0.177961,0.166549,1.141,0,4
com-orkut,bc,1MB,social,large,GRASP,0.796393,0.796393,0.000,1,4
com-orkut,bc,1MB,social,large,LRU,0.836912,0.796393,4.052,0,4
com-orkut,bc,1MB,social,large,POPT,0.804792,0.796393,0.840,0,4
com-orkut,bc,1MB,social,large,SRRIP,0.820532,0.796393,2.414,0,4
com-orkut,bc,4MB,social,large,GRASP,0.525040,0.525040,0.000,1,4
com-orkut,bc,4MB,social,large,LRU,0.573525,0.525040,4.848,0,4
com-orkut,bc,4MB,social,large,POPT,0.561793,0.525040,3.675,0,4
com-orkut,bc,4MB,social,large,SRRIP,0.546997,0.525040,2.196,0,4
com-orkut,bc,8MB,social,large,GRASP,0.340600,0.340600,0.000,1,4
com-orkut,bc,8MB,social,large,LRU,0.376045,0.340600,3.545,0,4
com-orkut,bc,8MB,social,large,POPT,0.398577,0.340600,5.798,0,4
com-orkut,bc,8MB,social,large,SRRIP,0.349875,0.340600,0.927,0,4
com-orkut,bfs,1MB,social,large,GRASP,0.998120,0.998100,0.002,0,4
com-orkut,bfs,1MB,social,large,LRU,0.998892,0.998100,0.079,0,4
com-orkut,bfs,1MB,social,large,POPT,0.998100,0.998100,0.000,1,4
com-orkut,bfs,1MB,social,large,SRRIP,0.998793,0.998100,0.069,0,4
com-orkut,bfs,4MB,social,large,GRASP,0.981189,0.981189,0.000,1,4
com-orkut,bfs,4MB,social,large,LRU,0.996484,0.981189,1.530,0,4
com-orkut,bfs,4MB,social,large,POPT,0.989118,0.981189,0.793,0,4
com-orkut,bfs,4MB,social,large,SRRIP,0.996442,0.981189,1.525,0,4
com-orkut,bfs,8MB,social,large,GRASP,0.980723,0.970827,0.990,0,4
com-orkut,bfs,8MB,social,large,LRU,0.995799,0.970827,2.497,0,4
com-orkut,bfs,8MB,social,large,POPT,0.970827,0.970827,0.000,1,4
com-orkut,bfs,8MB,social,large,SRRIP,0.995759,0.970827,2.493,0,4
com-orkut,cc,1MB,social,large,GRASP,0.639883,0.639883,0.000,1,4
com-orkut,cc,1MB,social,large,LRU,0.741545,0.639883,10.166,0,4
com-orkut,cc,1MB,social,large,POPT,0.699313,0.639883,5.943,0,4
com-orkut,cc,1MB,social,large,SRRIP,0.708078,0.639883,6.820,0,4
com-orkut,cc,4MB,social,large,GRASP,0.410630,0.410630,0.000,1,4
com-orkut,cc,4MB,social,large,LRU,0.567614,0.410630,15.698,0,4
com-orkut,cc,4MB,social,large,POPT,0.527796,0.410630,11.717,0,4
com-orkut,cc,4MB,social,large,SRRIP,0.553200,0.410630,14.257,0,4
com-orkut,cc,8MB,social,large,GRASP,0.249408,0.249408,0.000,1,4
com-orkut,cc,8MB,social,large,LRU,0.506299,0.249408,25.689,0,4
com-orkut,cc,8MB,social,large,POPT,0.339212,0.249408,8.980,0,4
com-orkut,cc,8MB,social,large,SRRIP,0.422010,0.249408,17.260,0,4
com-orkut,pr,1MB,social,large,GRASP,0.638302,0.635334,0.297,0,4
com-orkut,pr,1MB,social,large,LRU,0.742564,0.635334,10.723,0,4
com-orkut,pr,1MB,social,large,POPT,0.635334,0.635334,0.000,1,4
com-orkut,pr,1MB,social,large,SRRIP,0.706531,0.635334,7.120,0,4
com-orkut,pr,4MB,social,large,GRASP,0.299712,0.224549,7.516,0,4
com-orkut,pr,4MB,social,large,LRU,0.345609,0.224549,12.106,0,4
com-orkut,pr,4MB,social,large,POPT,0.224549,0.224549,0.000,1,4
com-orkut,pr,4MB,social,large,SRRIP,0.303554,0.224549,7.900,0,4
com-orkut,pr,8MB,social,large,GRASP,0.159906,0.119728,4.018,0,4
com-orkut,pr,8MB,social,large,LRU,0.185573,0.119728,6.584,0,4
com-orkut,pr,8MB,social,large,POPT,0.119728,0.119728,0.000,1,4
com-orkut,pr,8MB,social,large,SRRIP,0.159476,0.119728,3.975,0,4
com-orkut,sssp,1MB,social,large,GRASP,0.592884,0.592884,0.000,1,4
com-orkut,sssp,1MB,social,large,LRU,0.686743,0.592884,9.386,0,4
com-orkut,sssp,1MB,social,large,POPT,0.612615,0.592884,1.973,0,4
com-orkut,sssp,1MB,social,large,SRRIP,0.653862,0.592884,6.098,0,4
com-orkut,sssp,4MB,social,large,GRASP,0.146198,0.143065,0.313,0,4
com-orkut,sssp,4MB,social,large,LRU,0.173036,0.143065,2.997,0,4
com-orkut,sssp,4MB,social,large,POPT,0.143065,0.143065,0.000,1,4
com-orkut,sssp,4MB,social,large,SRRIP,0.152881,0.143065,0.982,0,4
com-orkut,sssp,8MB,social,large,GRASP,0.016905,0.015217,0.169,0,4
com-orkut,sssp,8MB,social,large,LRU,0.016185,0.015217,0.097,0,4
com-orkut,sssp,8MB,social,large,POPT,0.017233,0.015217,0.202,0,4
com-orkut,sssp,8MB,social,large,SRRIP,0.015217,0.015217,0.000,1,4
email-Eu-core,bc,1MB,social,large,GRASP,1.000000,1.000000,0.000,1,4
email-Eu-core,bc,1MB,social,large,LRU,1.000000,1.000000,0.000,1,4
email-Eu-core,bc,1MB,social,large,POPT,1.000000,1.000000,0.000,1,4
email-Eu-core,bc,1MB,social,large,SRRIP,1.000000,1.000000,0.000,1,4
email-Eu-core,bc,4MB,social,large,GRASP,1.000000,1.000000,0.000,1,4
email-Eu-core,bc,4MB,social,large,LRU,1.000000,1.000000,0.000,1,4
email-Eu-core,bc,4MB,social,large,POPT,1.000000,1.000000,0.000,1,4
email-Eu-core,bc,4MB,social,large,SRRIP,1.000000,1.000000,0.000,1,4
email-Eu-core,bc,8MB,social,large,GRASP,1.000000,1.000000,0.000,1,4
email-Eu-core,bc,8MB,social,large,LRU,1.000000,1.000000,0.000,1,4
email-Eu-core,bc,8MB,social,large,POPT,1.000000,1.000000,0.000,1,4
email-Eu-core,bc,8MB,social,large,SRRIP,1.000000,1.000000,0.000,1,4
email-Eu-core,bfs,1MB,social,large,GRASP,1.000000,1.000000,0.000,1,4
email-Eu-core,bfs,1MB,social,large,LRU,1.000000,1.000000,0.000,1,4
email-Eu-core,bfs,1MB,social,large,POPT,1.000000,1.000000,0.000,1,4
email-Eu-core,bfs,1MB,social,large,SRRIP,1.000000,1.000000,0.000,1,4
email-Eu-core,bfs,4MB,social,large,GRASP,1.000000,1.000000,0.000,1,4
email-Eu-core,bfs,4MB,social,large,LRU,1.000000,1.000000,0.000,1,4
email-Eu-core,bfs,4MB,social,large,POPT,1.000000,1.000000,0.000,1,4
email-Eu-core,bfs,4MB,social,large,SRRIP,1.000000,1.000000,0.000,1,4
email-Eu-core,bfs,8MB,social,large,GRASP,1.000000,1.000000,0.000,1,4
email-Eu-core,bfs,8MB,social,large,LRU,1.000000,1.000000,0.000,1,4
email-Eu-core,bfs,8MB,social,large,POPT,1.000000,1.000000,0.000,1,4
email-Eu-core,bfs,8MB,social,large,SRRIP,1.000000,1.000000,0.000,1,4
email-Eu-core,pr,1MB,social,large,GRASP,1.000000,1.000000,0.000,1,4
email-Eu-core,pr,1MB,social,large,LRU,1.000000,1.000000,0.000,1,4
email-Eu-core,pr,1MB,social,large,POPT,1.000000,1.000000,0.000,1,4
email-Eu-core,pr,1MB,social,large,SRRIP,1.000000,1.000000,0.000,1,4
email-Eu-core,pr,4MB,social,large,GRASP,1.000000,1.000000,0.000,1,4
email-Eu-core,pr,4MB,social,large,LRU,1.000000,1.000000,0.000,1,4
email-Eu-core,pr,4MB,social,large,POPT,1.000000,1.000000,0.000,1,4
email-Eu-core,pr,4MB,social,large,SRRIP,1.000000,1.000000,0.000,1,4
email-Eu-core,pr,8MB,social,large,GRASP,1.000000,1.000000,0.000,1,4
email-Eu-core,pr,8MB,social,large,LRU,1.000000,1.000000,0.000,1,4
email-Eu-core,pr,8MB,social,large,POPT,1.000000,1.000000,0.000,1,4
email-Eu-core,pr,8MB,social,large,SRRIP,1.000000,1.000000,0.000,1,4
soc-LiveJournal1,bc,1MB,social,large,GRASP,0.831167,0.825139,0.603,0,4
soc-LiveJournal1,bc,1MB,social,large,LRU,0.864855,0.825139,3.972,0,4
soc-LiveJournal1,bc,1MB,social,large,POPT,0.825139,0.825139,0.000,1,4
soc-LiveJournal1,bc,1MB,social,large,SRRIP,0.850112,0.825139,2.497,0,4
soc-LiveJournal1,bc,4MB,social,large,GRASP,0.600089,0.600089,0.000,1,4
soc-LiveJournal1,bc,4MB,social,large,LRU,0.655187,0.600089,5.510,0,4
soc-LiveJournal1,bc,4MB,social,large,POPT,0.602828,0.600089,0.274,0,4
soc-LiveJournal1,bc,4MB,social,large,SRRIP,0.629684,0.600089,2.960,0,4
soc-LiveJournal1,bc,8MB,social,large,GRASP,0.440550,0.440550,0.000,1,4
soc-LiveJournal1,bc,8MB,social,large,LRU,0.502491,0.440550,6.194,0,4
soc-LiveJournal1,bc,8MB,social,large,POPT,0.446690,0.440550,0.614,0,4
soc-LiveJournal1,bc,8MB,social,large,SRRIP,0.471911,0.440550,3.136,0,4
soc-LiveJournal1,bfs,1MB,social,large,GRASP,0.783742,0.783742,0.000,1,4
soc-LiveJournal1,bfs,1MB,social,large,LRU,0.835709,0.783742,5.197,0,4
soc-LiveJournal1,bfs,1MB,social,large,POPT,0.786012,0.783742,0.227,0,4
soc-LiveJournal1,bfs,1MB,social,large,SRRIP,0.810706,0.783742,2.696,0,4
soc-LiveJournal1,bfs,4MB,social,large,GRASP,0.572008,0.572008,0.000,1,4
soc-LiveJournal1,bfs,4MB,social,large,LRU,0.644598,0.572008,7.259,0,4
soc-LiveJournal1,bfs,4MB,social,large,POPT,0.586998,0.572008,1.499,0,4
soc-LiveJournal1,bfs,4MB,social,large,SRRIP,0.618504,0.572008,4.650,0,4
soc-LiveJournal1,bfs,8MB,social,large,GRASP,0.509865,0.504653,0.521,0,4
soc-LiveJournal1,bfs,8MB,social,large,LRU,0.563191,0.504653,5.854,0,4
soc-LiveJournal1,bfs,8MB,social,large,POPT,0.504653,0.504653,0.000,1,4
soc-LiveJournal1,bfs,8MB,social,large,SRRIP,0.545957,0.504653,4.130,0,4
soc-LiveJournal1,cc,1MB,social,large,GRASP,0.727663,0.681907,4.576,0,4
soc-LiveJournal1,cc,1MB,social,large,LRU,0.798646,0.681907,11.674,0,4
soc-LiveJournal1,cc,1MB,social,large,POPT,0.681907,0.681907,0.000,1,4
soc-LiveJournal1,cc,1MB,social,large,SRRIP,0.774459,0.681907,9.255,0,4
soc-LiveJournal1,cc,4MB,social,large,GRASP,0.470690,0.470690,0.000,1,4
soc-LiveJournal1,cc,4MB,social,large,LRU,0.575481,0.470690,10.479,0,4
soc-LiveJournal1,cc,4MB,social,large,POPT,0.490627,0.470690,1.994,0,4
soc-LiveJournal1,cc,4MB,social,large,SRRIP,0.553523,0.470690,8.283,0,4
soc-LiveJournal1,cc,8MB,social,large,GRASP,0.317264,0.317264,0.000,1,4
soc-LiveJournal1,cc,8MB,social,large,LRU,0.468595,0.317264,15.133,0,4
soc-LiveJournal1,cc,8MB,social,large,POPT,0.375347,0.317264,5.808,0,4
soc-LiveJournal1,cc,8MB,social,large,SRRIP,0.435289,0.317264,11.802,0,4
soc-LiveJournal1,pr,1MB,social,large,GRASP,0.682525,0.631166,5.136,0,4
soc-LiveJournal1,pr,1MB,social,large,LRU,0.765369,0.631166,13.420,0,4
soc-LiveJournal1,pr,1MB,social,large,POPT,0.631166,0.631166,0.000,1,4
soc-LiveJournal1,pr,1MB,social,large,SRRIP,0.733963,0.631166,10.280,0,4
soc-LiveJournal1,pr,4MB,social,large,GRASP,0.368881,0.300410,6.847,0,4
soc-LiveJournal1,pr,4MB,social,large,LRU,0.461634,0.300410,16.122,0,4
soc-LiveJournal1,pr,4MB,social,large,POPT,0.300410,0.300410,0.000,1,4
soc-LiveJournal1,pr,4MB,social,large,SRRIP,0.420129,0.300410,11.972,0,4
soc-LiveJournal1,pr,8MB,social,large,GRASP,0.225332,0.189314,3.602,0,4
soc-LiveJournal1,pr,8MB,social,large,LRU,0.299897,0.189314,11.058,0,4
soc-LiveJournal1,pr,8MB,social,large,POPT,0.189314,0.189314,0.000,1,4
soc-LiveJournal1,pr,8MB,social,large,SRRIP,0.259415,0.189314,7.010,0,4
soc-LiveJournal1,sssp,1MB,social,large,GRASP,0.682024,0.670688,1.134,0,4
soc-LiveJournal1,sssp,1MB,social,large,LRU,0.743896,0.670688,7.321,0,4
soc-LiveJournal1,sssp,1MB,social,large,POPT,0.670688,0.670688,0.000,1,4
soc-LiveJournal1,sssp,1MB,social,large,SRRIP,0.717670,0.670688,4.698,0,4
soc-LiveJournal1,sssp,4MB,social,large,GRASP,0.318344,0.318344,0.000,1,4
soc-LiveJournal1,sssp,4MB,social,large,LRU,0.383581,0.318344,6.524,0,4
soc-LiveJournal1,sssp,4MB,social,large,POPT,0.319220,0.318344,0.088,0,4
soc-LiveJournal1,sssp,4MB,social,large,SRRIP,0.353797,0.318344,3.545,0,4
soc-LiveJournal1,sssp,8MB,social,large,GRASP,0.139874,0.135403,0.447,0,4
soc-LiveJournal1,sssp,8MB,social,large,LRU,0.169630,0.135403,3.423,0,4
soc-LiveJournal1,sssp,8MB,social,large,POPT,0.135403,0.135403,0.000,1,4
soc-LiveJournal1,sssp,8MB,social,large,SRRIP,0.151842,0.135403,1.644,0,4
soc-pokec,bc,1MB,social,large,GRASP,0.810808,0.809683,0.112,0,4
soc-pokec,bc,1MB,social,large,LRU,0.859729,0.809683,5.005,0,4
soc-pokec,bc,1MB,social,large,POPT,0.809683,0.809683,0.000,1,4
soc-pokec,bc,1MB,social,large,SRRIP,0.844165,0.809683,3.448,0,4
soc-pokec,bc,4MB,social,large,GRASP,0.457949,0.457949,0.000,1,4
soc-pokec,bc,4MB,social,large,LRU,0.530069,0.457949,7.212,0,4
soc-pokec,bc,4MB,social,large,POPT,0.459569,0.457949,0.162,0,4
soc-pokec,bc,4MB,social,large,SRRIP,0.496445,0.457949,3.850,0,4
soc-pokec,bc,8MB,social,large,GRASP,0.222744,0.217668,0.508,0,4
soc-pokec,bc,8MB,social,large,LRU,0.267741,0.217668,5.007,0,4
soc-pokec,bc,8MB,social,large,POPT,0.217668,0.217668,0.000,1,4
soc-pokec,bc,8MB,social,large,SRRIP,0.241220,0.217668,2.355,0,4
soc-pokec,bfs,1MB,social,large,GRASP,0.859369,0.859369,0.000,1,4
soc-pokec,bfs,1MB,social,large,LRU,0.906293,0.859369,4.692,0,4
soc-pokec,bfs,1MB,social,large,POPT,0.872956,0.859369,1.359,0,4
soc-pokec,bfs,1MB,social,large,SRRIP,0.892223,0.859369,3.285,0,4
soc-pokec,bfs,4MB,social,large,GRASP,0.755891,0.708089,4.780,0,4
soc-pokec,bfs,4MB,social,large,LRU,0.787277,0.708089,7.919,0,4
soc-pokec,bfs,4MB,social,large,POPT,0.708089,0.708089,0.000,1,4
soc-pokec,bfs,4MB,social,large,SRRIP,0.781166,0.708089,7.308,0,4
soc-pokec,bfs,8MB,social,large,GRASP,0.743854,0.625682,11.817,0,4
soc-pokec,bfs,8MB,social,large,LRU,0.759638,0.625682,13.396,0,4
soc-pokec,bfs,8MB,social,large,POPT,0.625682,0.625682,0.000,1,4
soc-pokec,bfs,8MB,social,large,SRRIP,0.753612,0.625682,12.793,0,4
soc-pokec,cc,1MB,social,large,GRASP,0.604195,0.604195,0.000,1,4
soc-pokec,cc,1MB,social,large,LRU,0.728107,0.604195,12.391,0,4
soc-pokec,cc,1MB,social,large,POPT,0.641433,0.604195,3.724,0,4
soc-pokec,cc,1MB,social,large,SRRIP,0.701253,0.604195,9.706,0,4
soc-pokec,cc,4MB,social,large,GRASP,0.250500,0.250500,0.000,1,4
soc-pokec,cc,4MB,social,large,LRU,0.463819,0.250500,21.332,0,4
soc-pokec,cc,4MB,social,large,POPT,0.311977,0.250500,6.148,0,4
soc-pokec,cc,4MB,social,large,SRRIP,0.379204,0.250500,12.870,0,4
soc-pokec,cc,8MB,social,large,GRASP,0.062926,0.062926,0.000,1,4
soc-pokec,cc,8MB,social,large,LRU,0.062926,0.062926,0.000,1,4
soc-pokec,cc,8MB,social,large,POPT,0.062926,0.062926,0.000,1,4
soc-pokec,cc,8MB,social,large,SRRIP,0.062926,0.062926,0.000,1,4
soc-pokec,pr,1MB,social,large,GRASP,0.555685,0.526600,2.909,0,4
soc-pokec,pr,1MB,social,large,LRU,0.696151,0.526600,16.955,0,4
soc-pokec,pr,1MB,social,large,POPT,0.526600,0.526600,0.000,1,4
soc-pokec,pr,1MB,social,large,SRRIP,0.651728,0.526600,12.513,0,4
soc-pokec,pr,4MB,social,large,GRASP,0.143667,0.124883,1.878,0,4
soc-pokec,pr,4MB,social,large,LRU,0.209387,0.124883,8.450,0,4
soc-pokec,pr,4MB,social,large,POPT,0.124883,0.124883,0.000,1,4
soc-pokec,pr,4MB,social,large,SRRIP,0.170262,0.124883,4.538,0,4
soc-pokec,pr,8MB,social,large,GRASP,0.091342,0.091342,0.000,1,4
soc-pokec,pr,8MB,social,large,LRU,0.107292,0.091342,1.595,0,4
soc-pokec,pr,8MB,social,large,POPT,0.093044,0.091342,0.170,0,4
soc-pokec,pr,8MB,social,large,SRRIP,0.094371,0.091342,0.303,0,4
soc-pokec,sssp,1MB,social,large,GRASP,0.558075,0.558075,0.000,1,4
soc-pokec,sssp,1MB,social,large,LRU,0.671944,0.558075,11.387,0,4
soc-pokec,sssp,1MB,social,large,POPT,0.582991,0.558075,2.492,0,4
soc-pokec,sssp,1MB,social,large,SRRIP,0.636608,0.558075,7.853,0,4
soc-pokec,sssp,4MB,social,large,GRASP,0.076550,0.076550,0.000,1,4
soc-pokec,sssp,4MB,social,large,LRU,0.099742,0.076550,2.319,0,4
soc-pokec,sssp,4MB,social,large,POPT,0.077731,0.076550,0.118,0,4
soc-pokec,sssp,4MB,social,large,SRRIP,0.086994,0.076550,1.044,0,4
soc-pokec,sssp,8MB,social,large,GRASP,0.007613,0.003288,0.432,0,4
soc-pokec,sssp,8MB,social,large,LRU,0.003288,0.003288,0.000,1,4
soc-pokec,sssp,8MB,social,large,POPT,0.003288,0.003288,0.000,1,4
soc-pokec,sssp,8MB,social,large,SRRIP,0.003288,0.003288,0.000,1,4
web-Google,bc,1MB,web,large,GRASP,0.823764,0.802694,2.107,0,4
web-Google,bc,1MB,web,large,LRU,0.802694,0.802694,0.000,1,4
web-Google,bc,1MB,web,large,POPT,0.821560,0.802694,1.887,0,4
web-Google,bc,1MB,web,large,SRRIP,0.806937,0.802694,0.424,0,4
web-Google,bc,4MB,web,large,GRASP,0.518605,0.498883,1.972,0,4
web-Google,bc,4MB,web,large,LRU,0.516173,0.498883,1.729,0,4
web-Google,bc,4MB,web,large,POPT,0.543463,0.498883,4.458,0,4
web-Google,bc,4MB,web,large,SRRIP,0.498883,0.498883,0.000,1,4
web-Google,bc,8MB,web,large,GRASP,0.263469,0.211406,5.206,0,4
web-Google,bc,8MB,web,large,LRU,0.221011,0.211406,0.961,0,4
web-Google,bc,8MB,web,large,POPT,0.289227,0.211406,7.782,0,4
web-Google,bc,8MB,web,large,SRRIP,0.211406,0.211406,0.000,1,4
web-Google,bfs,1MB,web,large,GRASP,0.944392,0.944392,0.000,1,4
web-Google,bfs,1MB,web,large,LRU,0.980402,0.944392,3.601,0,4
web-Google,bfs,1MB,web,large,POPT,0.955613,0.944392,1.122,0,4
web-Google,bfs,1MB,web,large,SRRIP,0.979611,0.944392,3.522,0,4
web-Google,bfs,4MB,web,large,GRASP,0.919123,0.764331,15.479,0,4
web-Google,bfs,4MB,web,large,LRU,0.948578,0.764331,18.425,0,4
web-Google,bfs,4MB,web,large,POPT,0.764331,0.764331,0.000,1,4
web-Google,bfs,4MB,web,large,SRRIP,0.947337,0.764331,18.301,0,4
web-Google,bfs,8MB,web,large,GRASP,0.912540,0.737762,17.478,0,4
web-Google,bfs,8MB,web,large,LRU,0.819363,0.737762,8.160,0,4
web-Google,bfs,8MB,web,large,POPT,0.737762,0.737762,0.000,1,4
web-Google,bfs,8MB,web,large,SRRIP,0.813627,0.737762,7.586,0,4
web-Google,cc,1MB,web,large,GRASP,0.539798,0.496614,4.318,0,4
web-Google,cc,1MB,web,large,LRU,0.585926,0.496614,8.931,0,4
web-Google,cc,1MB,web,large,POPT,0.496614,0.496614,0.000,1,4
web-Google,cc,1MB,web,large,SRRIP,0.556854,0.496614,6.024,0,4
web-Google,cc,4MB,web,large,GRASP,0.051919,0.051919,0.000,1,4
web-Google,cc,4MB,web,large,LRU,0.051919,0.051919,0.000,1,4
web-Google,cc,4MB,web,large,POPT,0.051919,0.051919,0.000,1,4
web-Google,cc,4MB,web,large,SRRIP,0.051919,0.051919,0.000,1,4
web-Google,cc,8MB,web,large,GRASP,0.051919,0.051919,0.000,1,4
web-Google,cc,8MB,web,large,LRU,0.051919,0.051919,0.000,1,4
web-Google,cc,8MB,web,large,POPT,0.051919,0.051919,0.000,1,4
web-Google,cc,8MB,web,large,SRRIP,0.051919,0.051919,0.000,1,4
web-Google,pr,1MB,web,large,GRASP,0.450908,0.384029,6.688,0,4
web-Google,pr,1MB,web,large,LRU,0.598361,0.384029,21.433,0,4
web-Google,pr,1MB,web,large,POPT,0.384029,0.384029,0.000,1,4
web-Google,pr,1MB,web,large,SRRIP,0.540871,0.384029,15.684,0,4
web-Google,pr,4MB,web,large,GRASP,0.129092,0.114921,1.417,0,4
web-Google,pr,4MB,web,large,LRU,0.142111,0.114921,2.719,0,4
web-Google,pr,4MB,web,large,POPT,0.114921,0.114921,0.000,1,4
web-Google,pr,4MB,web,large,SRRIP,0.119179,0.114921,0.426,0,4
web-Google,pr,8MB,web,large,GRASP,0.106849,0.084351,2.250,0,4
web-Google,pr,8MB,web,large,LRU,0.097157,0.084351,1.281,0,4
web-Google,pr,8MB,web,large,POPT,0.084351,0.084351,0.000,1,4
web-Google,pr,8MB,web,large,SRRIP,0.093367,0.084351,0.902,0,4
web-Google,sssp,1MB,web,large,GRASP,0.640313,0.640313,0.000,1,4
web-Google,sssp,1MB,web,large,LRU,0.663779,0.640313,2.347,0,4
web-Google,sssp,1MB,web,large,POPT,0.641996,0.640313,0.168,0,4
web-Google,sssp,1MB,web,large,SRRIP,0.656180,0.640313,1.587,0,4
web-Google,sssp,4MB,web,large,GRASP,0.081619,0.023478,5.814,0,4
web-Google,sssp,4MB,web,large,LRU,0.023478,0.023478,0.000,1,4
web-Google,sssp,4MB,web,large,POPT,0.023478,0.023478,0.000,1,4
web-Google,sssp,4MB,web,large,SRRIP,0.023478,0.023478,0.000,1,4
web-Google,sssp,8MB,web,large,GRASP,0.047541,0.023478,2.406,0,4
web-Google,sssp,8MB,web,large,LRU,0.023478,0.023478,0.000,1,4
web-Google,sssp,8MB,web,large,POPT,0.023478,0.023478,0.000,1,4
web-Google,sssp,8MB,web,large,SRRIP,0.023478,0.023478,0.000,1,4
