graph,app,l3_size,policy,status,delta_pct,expected_sign,min_abs_delta_pct,max_abs_delta_pct,tolerance_pct,margin_pp,claim_kind,citation
cit-Patents,bc,1MB,SRRIP,ok,-0.2548,~,,5.0,3.0,7.75,cache_policy,Jaleel et al. ISCA 2010 §5.2; Faldu et al. HPCA 2020 §6.1 (extended)
cit-Patents,bc,1MB,GRASP,ok,-1.5588,-,1.0,20.0,3.0,3.56,cache_policy,Faldu et al. HPCA 2020 Fig 11
cit-Patents,bc,1MB,POPT_GE_GRASP,ok,-0.0574,-,,,1.5,1.5574,popt_ge_grasp,Balaji & Lucia HPCA 2021 §6.3 (per-cell diagnostic; geomean is the claim)
cit-Patents,bc,1MB,POPT_NEAR_GRASP_IF_BIG_GAP,ok,0.0574,~,,5.0,2.0,7.0574,popt_near_grasp_inactive,Faldu HPCA20 §6.1 + Balaji HPCA21 Fig 9 cross-check
cit-Patents,bc,4MB,SRRIP,ok,-1.069,~,,5.0,3.0,6.935,cache_policy,Jaleel et al. ISCA 2010 §5.2; Faldu et al. HPCA 2020 §6.1 (extended)
cit-Patents,bc,4MB,POPT_GE_GRASP,ok,1.2254,-,,,1.5,0.2746,popt_ge_grasp,Balaji & Lucia HPCA 2021 §6.3 (per-cell diagnostic; geomean is the claim)
cit-Patents,bc,4MB,POPT_NEAR_GRASP_IF_BIG_GAP,ok,1.2254,~,,5.0,2.0,5.7746,popt_near_grasp_inactive,Faldu HPCA20 §6.1 + Balaji HPCA21 Fig 9 cross-check
cit-Patents,bc,8MB,SRRIP,ok,-2.0356,~,,5.0,3.0,5.965,cache_policy,Jaleel et al. ISCA 2010 §5.2; Faldu et al. HPCA 2020 §6.1 (extended)
cit-Patents,bc,8MB,POPT_GE_GRASP,known_deviation,2.3097,-,,,1.5,0.0,popt_ge_grasp,Balaji & Lucia HPCA 2021 §6.3 (per-cell diagnostic; geomean is the claim)
cit-Patents,bc,8MB,POPT_NEAR_GRASP_IF_BIG_GAP,ok,2.3097,~,,5.0,2.0,4.6903,popt_near_grasp_inactive,Faldu HPCA20 §6.1 + Balaji HPCA21 Fig 9 cross-check
cit-Patents,bfs,1MB,SRRIP,ok,-0.2403,~,,5.0,3.0,7.76,cache_policy,Jaleel et al. ISCA 2010 §5.2; Faldu et al. HPCA 2020 §6.1 (extended)
cit-Patents,bfs,1MB,GRASP,ok,-0.7623,-,0.5,15.0,3.0,3.265,cache_policy,Faldu et al. HPCA 2020 Fig 11
cit-Patents,bfs,1MB,POPT_GE_GRASP,ok,-0.1473,-,,,1.5,1.6473,popt_ge_grasp,Balaji & Lucia HPCA 2021 §6.3 (per-cell diagnostic; geomean is the claim)
cit-Patents,bfs,1MB,POPT_NEAR_GRASP_IF_BIG_GAP,ok,0.1473,~,,5.0,2.0,7.1473,popt_near_grasp_inactive,Faldu HPCA20 §6.1 + Balaji HPCA21 Fig 9 cross-check
cit-Patents,bfs,4MB,SRRIP,ok,-0.4961,~,,5.0,3.0,7.505,cache_policy,Jaleel et al. ISCA 2010 §5.2; Faldu et al. HPCA 2020 §6.1 (extended)
cit-Patents,bfs,4MB,POPT_GE_GRASP,ok,0.7791,-,,,1.5,0.7209,popt_ge_grasp,Balaji & Lucia HPCA 2021 §6.3 (per-cell diagnostic; geomean is the claim)
cit-Patents,bfs,4MB,POPT_NEAR_GRASP_IF_BIG_GAP,ok,0.7791,~,,5.0,2.0,6.2209,popt_near_grasp_inactive,Faldu HPCA20 §6.1 + Balaji HPCA21 Fig 9 cross-check
cit-Patents,bfs,8MB,SRRIP,ok,-0.2662,~,,5.0,3.0,7.735,cache_policy,Jaleel et al. ISCA 2010 §5.2; Faldu et al. HPCA 2020 §6.1 (extended)
cit-Patents,bfs,8MB,POPT_GE_GRASP,ok,-3.0908,-,,,1.5,4.5908,popt_ge_grasp,Balaji & Lucia HPCA 2021 §6.3 (per-cell diagnostic; geomean is the claim)
cit-Patents,bfs,8MB,POPT_NEAR_GRASP_IF_BIG_GAP,ok,3.0908,~,,5.0,2.0,10.0908,popt_near_grasp_inactive,Faldu HPCA20 §6.1 + Balaji HPCA21 Fig 9 cross-check
cit-Patents,cc,1MB,SRRIP,ok,-4.0581,~,,10.0,3.0,8.945,cache_policy,Jaleel et al. ISCA 2010 §5.2 (scan-resistance argument extended to CC)
cit-Patents,cc,1MB,POPT_GE_GRASP,ok,-1.1072,-,,,1.5,2.6072,popt_ge_grasp,Balaji & Lucia HPCA 2021 §6.3 (per-cell diagnostic; geomean is the claim)
cit-Patents,cc,1MB,POPT_NEAR_GRASP_IF_BIG_GAP,ok,1.1072,~,,5.0,2.0,8.1072,popt_near_grasp_active,Faldu HPCA20 §6.1 + Balaji HPCA21 Fig 9 cross-check
cit-Patents,cc,4MB,SRRIP,ok,-2.3319,~,,10.0,3.0,10.67,cache_policy,Jaleel et al. ISCA 2010 §5.2 (scan-resistance argument extended to CC)
cit-Patents,cc,4MB,POPT_GE_GRASP,ok,0.5228,-,,,1.5,0.9772,popt_ge_grasp,Balaji & Lucia HPCA 2021 §6.3 (per-cell diagnostic; geomean is the claim)
cit-Patents,cc,4MB,POPT_NEAR_GRASP_IF_BIG_GAP,ok,0.5228,~,,5.0,2.0,6.4772,popt_near_grasp_inactive,Faldu HPCA20 §6.1 + Balaji HPCA21 Fig 9 cross-check
cit-Patents,cc,8MB,SRRIP,ok,-2.226,~,,10.0,3.0,10.775,cache_policy,Jaleel et al. ISCA 2010 §5.2 (scan-resistance argument extended to CC)
cit-Patents,cc,8MB,POPT_GE_GRASP,known_deviation,1.8494,-,,,1.5,0.0,popt_ge_grasp,Balaji & Lucia HPCA 2021 §6.3 (per-cell diagnostic; geomean is the claim)
cit-Patents,cc,8MB,POPT_NEAR_GRASP_IF_BIG_GAP,ok,1.8494,~,,5.0,2.0,5.1506,popt_near_grasp_inactive,Faldu HPCA20 §6.1 + Balaji HPCA21 Fig 9 cross-check
cit-Patents,pr,1MB,SRRIP,ok,-1.4812,~,,5.0,2.0,5.52,cache_policy,Jaleel et al. ISCA 2010 §5.2; Faldu et al. HPCA 2020 §6.1
cit-Patents,pr,1MB,GRASP,ok,-7.6907,-,3.0,25.0,2.0,6.695,cache_policy,Faldu et al. HPCA 2020 Fig 10
cit-Patents,pr,1MB,POPT,ok,-16.4988,-,3.0,30.0,2.0,15.5,cache_policy,Balaji & Lucia HPCA 2021 Fig 9
cit-Patents,pr,1MB,POPT_GE_GRASP,ok,-8.8081,-,,,1.0,9.8081,popt_ge_grasp,Balaji & Lucia HPCA 2021 §6.3 (per-cell diagnostic; geomean is the claim)
cit-Patents,pr,1MB,POPT_NEAR_GRASP_IF_BIG_GAP,ok,8.8081,~,,5.0,2.0,15.8081,popt_near_grasp_inactive,Faldu HPCA20 §6.1 + Balaji HPCA21 Fig 9 cross-check
cit-Patents,pr,4MB,SRRIP,ok,-4.3408,~,,5.0,2.0,2.66,cache_policy,Jaleel et al. ISCA 2010 §5.2; Faldu et al. HPCA 2020 §6.1
cit-Patents,pr,4MB,POPT_GE_GRASP,ok,-10.5804,-,,,1.0,11.5804,popt_ge_grasp,Balaji & Lucia HPCA 2021 §6.3 (per-cell diagnostic; geomean is the claim)
cit-Patents,pr,4MB,POPT_NEAR_GRASP_IF_BIG_GAP,ok,10.5804,~,,5.0,2.0,17.5804,popt_near_grasp_active,Faldu HPCA20 §6.1 + Balaji HPCA21 Fig 9 cross-check
cit-Patents,pr,8MB,SRRIP,ok,-5.1689,~,,5.0,2.0,1.835,cache_policy,Jaleel et al. ISCA 2010 §5.2; Faldu et al. HPCA 2020 §6.1
cit-Patents,pr,8MB,GRASP,ok,-10.1376,-,0.5,10.0,2.0,11.64,cache_policy,Faldu et al. HPCA 2020 Fig 10
cit-Patents,pr,8MB,POPT_GE_GRASP,ok,-4.5996,-,,,1.0,5.5996,popt_ge_grasp,Balaji & Lucia HPCA 2021 §6.3 (per-cell diagnostic; geomean is the claim)
cit-Patents,pr,8MB,POPT_NEAR_GRASP_IF_BIG_GAP,ok,4.5996,~,,5.0,2.0,11.5996,popt_near_grasp_active,Faldu HPCA20 §6.1 + Balaji HPCA21 Fig 9 cross-check
cit-Patents,sssp,1MB,SRRIP,ok,-0.676,~,,5.0,3.0,7.325,cache_policy,Jaleel et al. ISCA 2010 §5.2; Balaji & Lucia HPCA 2021 §6.3 (extended)
cit-Patents,sssp,1MB,GRASP,ok,-4.3181,-,0.5,15.0,3.0,6.82,cache_policy,Balaji & Lucia HPCA 2021 Fig 10 (GRASP bar)
cit-Patents,sssp,1MB,POPT,ok,-3.7145,-,1.0,25.0,2.0,4.715,cache_policy,Balaji & Lucia HPCA 2021 Fig 10
cit-Patents,sssp,1MB,POPT_GE_GRASP,ok,0.6036,-,,,1.5,0.8964,popt_ge_grasp,Balaji & Lucia HPCA 2021 §6.3 (per-cell diagnostic; geomean is the claim)
cit-Patents,sssp,1MB,POPT_NEAR_GRASP_IF_BIG_GAP,ok,0.6036,~,,5.0,2.0,6.3964,popt_near_grasp_inactive,Faldu HPCA20 §6.1 + Balaji HPCA21 Fig 9 cross-check
cit-Patents,sssp,4MB,SRRIP,ok,-2.2004,~,,5.0,3.0,5.8,cache_policy,Jaleel et al. ISCA 2010 §5.2; Balaji & Lucia HPCA 2021 §6.3 (extended)
cit-Patents,sssp,4MB,POPT_GE_GRASP,ok,0.9482,-,,,1.5,0.5518,popt_ge_grasp,Balaji & Lucia HPCA 2021 §6.3 (per-cell diagnostic; geomean is the claim)
cit-Patents,sssp,4MB,POPT_NEAR_GRASP_IF_BIG_GAP,ok,0.9482,~,,5.0,2.0,6.0518,popt_near_grasp_inactive,Faldu HPCA20 §6.1 + Balaji HPCA21 Fig 9 cross-check
cit-Patents,sssp,8MB,SRRIP,ok,-2.1608,~,,5.0,3.0,5.84,cache_policy,Jaleel et al. ISCA 2010 §5.2; Balaji & Lucia HPCA 2021 §6.3 (extended)
cit-Patents,sssp,8MB,POPT_GE_GRASP,ok,-0.1363,-,,,1.5,1.6363,popt_ge_grasp,Balaji & Lucia HPCA 2021 §6.3 (per-cell diagnostic; geomean is the claim)
cit-Patents,sssp,8MB,POPT_NEAR_GRASP_IF_BIG_GAP,ok,0.1363,~,,5.0,2.0,7.1363,popt_near_grasp_inactive,Faldu HPCA20 §6.1 + Balaji HPCA21 Fig 9 cross-check
com-orkut,bc,1MB,SRRIP,ok,-1.638,~,,5.0,3.0,6.365,cache_policy,Jaleel et al. ISCA 2010 §5.2; Faldu et al. HPCA 2020 §6.1 (extended)
com-orkut,bc,1MB,POPT_GE_GRASP,ok,0.8399,-,,,1.5,0.6601,popt_ge_grasp,Balaji & Lucia HPCA 2021 §6.3 (per-cell diagnostic; geomean is the claim)
com-orkut,bc,1MB,POPT_NEAR_GRASP_IF_BIG_GAP,ok,0.8399,~,,5.0,2.0,6.1601,popt_near_grasp_inactive,Faldu HPCA20 §6.1 + Balaji HPCA21 Fig 9 cross-check
com-orkut,bc,4MB,SRRIP,ok,-2.6528,~,,5.0,3.0,5.35,cache_policy,Jaleel et al. ISCA 2010 §5.2; Faldu et al. HPCA 2020 §6.1 (extended)
com-orkut,bc,4MB,POPT_GE_GRASP,known_deviation,3.6753,-,,,1.5,0.0,popt_ge_grasp,Balaji & Lucia HPCA 2021 §6.3 (per-cell diagnostic; geomean is the claim)
com-orkut,bc,4MB,POPT_NEAR_GRASP_IF_BIG_GAP,ok,3.6753,~,,5.0,2.0,3.3247,popt_near_grasp_inactive,Faldu HPCA20 §6.1 + Balaji HPCA21 Fig 9 cross-check
com-orkut,bc,8MB,SRRIP,ok,-2.617,~,,5.0,3.0,5.385,cache_policy,Jaleel et al. ISCA 2010 §5.2; Faldu et al. HPCA 2020 §6.1 (extended)
com-orkut,bc,8MB,POPT_GE_GRASP,known_deviation,5.7977,-,,,1.5,0.0,popt_ge_grasp,Balaji & Lucia HPCA 2021 §6.3 (per-cell diagnostic; geomean is the claim)
com-orkut,bc,8MB,POPT_NEAR_GRASP_IF_BIG_GAP,ok,5.7977,~,,5.0,2.0,1.2023,popt_near_grasp_inactive,Faldu HPCA20 §6.1 + Balaji HPCA21 Fig 9 cross-check
com-orkut,bfs,1MB,SRRIP,ok,-0.0099,~,,5.0,3.0,7.995,cache_policy,Jaleel et al. ISCA 2010 §5.2; Faldu et al. HPCA 2020 §6.1 (extended)
com-orkut,bfs,1MB,POPT_GE_GRASP,ok,-0.002,-,,,1.5,1.502,popt_ge_grasp,Balaji & Lucia HPCA 2021 §6.3 (per-cell diagnostic; geomean is the claim)
com-orkut,bfs,1MB,POPT_NEAR_GRASP_IF_BIG_GAP,ok,0.002,~,,5.0,2.0,7.002,popt_near_grasp_inactive,Faldu HPCA20 §6.1 + Balaji HPCA21 Fig 9 cross-check
com-orkut,bfs,4MB,SRRIP,ok,-0.0042,~,,5.0,3.0,8.0,cache_policy,Jaleel et al. ISCA 2010 §5.2; Faldu et al. HPCA 2020 §6.1 (extended)
com-orkut,bfs,4MB,POPT_GE_GRASP,ok,0.7929,-,,,1.5,0.7071,popt_ge_grasp,Balaji & Lucia HPCA 2021 §6.3 (per-cell diagnostic; geomean is the claim)
com-orkut,bfs,4MB,POPT_NEAR_GRASP_IF_BIG_GAP,ok,0.7929,~,,5.0,2.0,6.2071,popt_near_grasp_inactive,Faldu HPCA20 §6.1 + Balaji HPCA21 Fig 9 cross-check
com-orkut,bfs,8MB,SRRIP,ok,-0.004,~,,5.0,3.0,8.0,cache_policy,Jaleel et al. ISCA 2010 §5.2; Faldu et al. HPCA 2020 §6.1 (extended)
com-orkut,bfs,8MB,POPT_GE_GRASP,ok,-0.9896,-,,,1.5,2.4896,popt_ge_grasp,Balaji & Lucia HPCA 2021 §6.3 (per-cell diagnostic; geomean is the claim)
com-orkut,bfs,8MB,POPT_NEAR_GRASP_IF_BIG_GAP,ok,0.9896,~,,5.0,2.0,7.9896,popt_near_grasp_inactive,Faldu HPCA20 §6.1 + Balaji HPCA21 Fig 9 cross-check
com-orkut,cc,1MB,SRRIP,ok,-3.3467,~,,10.0,3.0,9.655,cache_policy,Jaleel et al. ISCA 2010 §5.2 (scan-resistance argument extended to CC)
com-orkut,cc,1MB,POPT_GE_GRASP,known_deviation,5.943,-,,,1.5,0.0,popt_ge_grasp,Balaji & Lucia HPCA 2021 §6.3 (per-cell diagnostic; geomean is the claim)
com-orkut,cc,1MB,POPT_NEAR_GRASP_IF_BIG_GAP,ok,5.943,~,,5.0,2.0,1.057,popt_near_grasp_active,Faldu HPCA20 §6.1 + Balaji HPCA21 Fig 9 cross-check
com-orkut,cc,4MB,SRRIP,ok,-1.4414,~,,10.0,3.0,11.56,cache_policy,Jaleel et al. ISCA 2010 §5.2 (scan-resistance argument extended to CC)
com-orkut,cc,4MB,POPT_GE_GRASP,known_deviation,11.7166,-,,,1.5,0.0,popt_ge_grasp,Balaji & Lucia HPCA 2021 §6.3 (per-cell diagnostic; geomean is the claim)
com-orkut,cc,4MB,POPT_NEAR_GRASP_IF_BIG_GAP,known_deviation,11.7166,~,,5.0,2.0,0.0,popt_near_grasp_if_big_gap,Faldu HPCA20 §6.1 + Balaji HPCA21 Fig 9 cross-check
com-orkut,cc,8MB,SRRIP,ok,-8.4289,~,,10.0,3.0,4.575,cache_policy,Jaleel et al. ISCA 2010 §5.2 (scan-resistance argument extended to CC)
com-orkut,cc,8MB,POPT_GE_GRASP,known_deviation,8.9804,-,,,1.5,0.0,popt_ge_grasp,Balaji & Lucia HPCA 2021 §6.3 (per-cell diagnostic; geomean is the claim)
com-orkut,cc,8MB,POPT_NEAR_GRASP_IF_BIG_GAP,known_deviation,8.9804,~,,5.0,2.0,0.0,popt_near_grasp_if_big_gap,Faldu HPCA20 §6.1 + Balaji HPCA21 Fig 9 cross-check
com-orkut,pr,1MB,SRRIP,ok,-3.6033,~,,5.0,2.0,3.4,cache_policy,Jaleel et al. ISCA 2010 §5.2; Faldu et al. HPCA 2020 §6.1
com-orkut,pr,1MB,GRASP,ok,-10.4262,-,1.0,25.0,3.0,12.43,cache_policy,Faldu et al. HPCA 2020 §6.1 (extrapolated to com-orkut from twitter Fig 10)
com-orkut,pr,1MB,POPT,ok,-10.723,-,1.0,30.0,3.0,12.725,cache_policy,Balaji & Lucia HPCA 2021 §6 (extrapolated to com-orkut from twitter)
com-orkut,pr,1MB,POPT_GE_GRASP,ok,-0.2968,-,,,1.0,1.2968,popt_ge_grasp,Balaji & Lucia HPCA 2021 §6.3 (per-cell diagnostic; geomean is the claim)
com-orkut,pr,1MB,POPT_NEAR_GRASP_IF_BIG_GAP,ok,0.2968,~,,5.0,2.0,7.2968,popt_near_grasp_active,Faldu HPCA20 §6.1 + Balaji HPCA21 Fig 9 cross-check
com-orkut,pr,4MB,SRRIP,ok,-4.2055,~,,5.0,2.0,2.795,cache_policy,Jaleel et al. ISCA 2010 §5.2; Faldu et al. HPCA 2020 §6.1
com-orkut,pr,4MB,POPT_GE_GRASP,ok,-7.5163,-,,,1.0,8.5163,popt_ge_grasp,Balaji & Lucia HPCA 2021 §6.3 (per-cell diagnostic; geomean is the claim)
com-orkut,pr,4MB,POPT_NEAR_GRASP_IF_BIG_GAP,ok,7.5163,~,,5.0,2.0,14.5163,popt_near_grasp_inactive,Faldu HPCA20 §6.1 + Balaji HPCA21 Fig 9 cross-check
com-orkut,pr,8MB,SRRIP,ok,-2.6097,~,,5.0,2.0,4.395,cache_policy,Jaleel et al. ISCA 2010 §5.2; Faldu et al. HPCA 2020 §6.1
com-orkut,pr,8MB,GRASP,ok,-2.5667,-,0.5,12.0,2.0,4.07,cache_policy,Faldu et al. HPCA 2020 §6.1 (extrapolated from twitter Fig 10)
com-orkut,pr,8MB,POPT_GE_GRASP,ok,-4.0178,-,,,1.0,5.0178,popt_ge_grasp,Balaji & Lucia HPCA 2021 §6.3 (per-cell diagnostic; geomean is the claim)
com-orkut,pr,8MB,POPT_NEAR_GRASP_IF_BIG_GAP,ok,4.0178,~,,5.0,2.0,11.0178,popt_near_grasp_inactive,Faldu HPCA20 §6.1 + Balaji HPCA21 Fig 9 cross-check
com-orkut,sssp,1MB,SRRIP,ok,-3.2881,~,,5.0,3.0,4.715,cache_policy,Jaleel et al. ISCA 2010 §5.2; Balaji & Lucia HPCA 2021 §6.3 (extended)
com-orkut,sssp,1MB,POPT_GE_GRASP,known_deviation,1.9731,-,,,1.5,0.0,popt_ge_grasp,Balaji & Lucia HPCA 2021 §6.3 (per-cell diagnostic; geomean is the claim)
com-orkut,sssp,1MB,POPT_NEAR_GRASP_IF_BIG_GAP,ok,1.9731,~,,5.0,2.0,5.0269,popt_near_grasp_inactive,Faldu HPCA20 §6.1 + Balaji HPCA21 Fig 9 cross-check
com-orkut,sssp,4MB,SRRIP,ok,-2.0155,~,,5.0,3.0,5.985,cache_policy,Jaleel et al. ISCA 2010 §5.2; Balaji & Lucia HPCA 2021 §6.3 (extended)
com-orkut,sssp,4MB,POPT_GE_GRASP,ok,-0.3133,-,,,1.5,1.8133,popt_ge_grasp,Balaji & Lucia HPCA 2021 §6.3 (per-cell diagnostic; geomean is the claim)
com-orkut,sssp,4MB,POPT_NEAR_GRASP_IF_BIG_GAP,ok,0.3133,~,,5.0,2.0,7.3133,popt_near_grasp_inactive,Faldu HPCA20 §6.1 + Balaji HPCA21 Fig 9 cross-check
com-orkut,sssp,8MB,SRRIP,ok,-0.0968,~,,5.0,3.0,7.905,cache_policy,Jaleel et al. ISCA 2010 §5.2; Balaji & Lucia HPCA 2021 §6.3 (extended)
com-orkut,sssp,8MB,POPT_GE_GRASP,ok,0.0328,-,,,1.5,1.4672,popt_ge_grasp,Balaji & Lucia HPCA 2021 §6.3 (per-cell diagnostic; geomean is the claim)
com-orkut,sssp,8MB,POPT_NEAR_GRASP_IF_BIG_GAP,ok,0.0328,~,,5.0,2.0,6.9672,popt_near_grasp_inactive,Faldu HPCA20 §6.1 + Balaji HPCA21 Fig 9 cross-check
email-Eu-core,bc,1MB,SRRIP,insufficient_data,0.0,~,,5.0,3.0,0.0,cache_policy,Jaleel et al. ISCA 2010 §5.2; Faldu et al. HPCA 2020 §6.1 (extended)
email-Eu-core,bc,1MB,POPT_GE_GRASP,insufficient_data,0.0,-,,,1.5,0.0,popt_ge_grasp,Balaji & Lucia HPCA 2021 §6.3 (per-cell diagnostic; geomean is the claim)
email-Eu-core,bc,1MB,POPT_NEAR_GRASP_IF_BIG_GAP,insufficient_data,0.0,~,,5.0,2.0,0.0,popt_near_grasp_if_big_gap,Faldu HPCA20 §6.1 + Balaji HPCA21 Fig 9 cross-check
email-Eu-core,bc,4MB,SRRIP,insufficient_data,0.0,~,,5.0,3.0,0.0,cache_policy,Jaleel et al. ISCA 2010 §5.2; Faldu et al. HPCA 2020 §6.1 (extended)
email-Eu-core,bc,4MB,POPT_GE_GRASP,insufficient_data,0.0,-,,,1.5,0.0,popt_ge_grasp,Balaji & Lucia HPCA 2021 §6.3 (per-cell diagnostic; geomean is the claim)
email-Eu-core,bc,4MB,POPT_NEAR_GRASP_IF_BIG_GAP,insufficient_data,0.0,~,,5.0,2.0,0.0,popt_near_grasp_if_big_gap,Faldu HPCA20 §6.1 + Balaji HPCA21 Fig 9 cross-check
email-Eu-core,bc,8MB,SRRIP,insufficient_data,0.0,~,,5.0,3.0,0.0,cache_policy,Jaleel et al. ISCA 2010 §5.2; Faldu et al. HPCA 2020 §6.1 (extended)
email-Eu-core,bc,8MB,POPT_GE_GRASP,insufficient_data,0.0,-,,,1.5,0.0,popt_ge_grasp,Balaji & Lucia HPCA 2021 §6.3 (per-cell diagnostic; geomean is the claim)
email-Eu-core,bc,8MB,POPT_NEAR_GRASP_IF_BIG_GAP,insufficient_data,0.0,~,,5.0,2.0,0.0,popt_near_grasp_if_big_gap,Faldu HPCA20 §6.1 + Balaji HPCA21 Fig 9 cross-check
email-Eu-core,bfs,1MB,SRRIP,insufficient_data,0.0,~,,5.0,3.0,0.0,cache_policy,Jaleel et al. ISCA 2010 §5.2; Faldu et al. HPCA 2020 §6.1 (extended)
email-Eu-core,bfs,1MB,POPT_GE_GRASP,insufficient_data,0.0,-,,,1.5,0.0,popt_ge_grasp,Balaji & Lucia HPCA 2021 §6.3 (per-cell diagnostic; geomean is the claim)
email-Eu-core,bfs,1MB,POPT_NEAR_GRASP_IF_BIG_GAP,insufficient_data,0.0,~,,5.0,2.0,0.0,popt_near_grasp_if_big_gap,Faldu HPCA20 §6.1 + Balaji HPCA21 Fig 9 cross-check
email-Eu-core,bfs,4MB,SRRIP,insufficient_data,0.0,~,,5.0,3.0,0.0,cache_policy,Jaleel et al. ISCA 2010 §5.2; Faldu et al. HPCA 2020 §6.1 (extended)
email-Eu-core,bfs,4MB,POPT_GE_GRASP,insufficient_data,0.0,-,,,1.5,0.0,popt_ge_grasp,Balaji & Lucia HPCA 2021 §6.3 (per-cell diagnostic; geomean is the claim)
email-Eu-core,bfs,4MB,POPT_NEAR_GRASP_IF_BIG_GAP,insufficient_data,0.0,~,,5.0,2.0,0.0,popt_near_grasp_if_big_gap,Faldu HPCA20 §6.1 + Balaji HPCA21 Fig 9 cross-check
email-Eu-core,bfs,8MB,SRRIP,insufficient_data,0.0,~,,5.0,3.0,0.0,cache_policy,Jaleel et al. ISCA 2010 §5.2; Faldu et al. HPCA 2020 §6.1 (extended)
email-Eu-core,bfs,8MB,POPT_GE_GRASP,insufficient_data,0.0,-,,,1.5,0.0,popt_ge_grasp,Balaji & Lucia HPCA 2021 §6.3 (per-cell diagnostic; geomean is the claim)
email-Eu-core,bfs,8MB,POPT_NEAR_GRASP_IF_BIG_GAP,insufficient_data,0.0,~,,5.0,2.0,0.0,popt_near_grasp_if_big_gap,Faldu HPCA20 §6.1 + Balaji HPCA21 Fig 9 cross-check
email-Eu-core,pr,1MB,SRRIP,insufficient_data,0.0,~,,5.0,2.0,0.0,cache_policy,Jaleel et al. ISCA 2010 §5.2; Faldu et al. HPCA 2020 §6.1
email-Eu-core,pr,1MB,POPT_GE_GRASP,insufficient_data,0.0,-,,,1.0,0.0,popt_ge_grasp,Balaji & Lucia HPCA 2021 §6.3 (per-cell diagnostic; geomean is the claim)
email-Eu-core,pr,1MB,POPT_NEAR_GRASP_IF_BIG_GAP,insufficient_data,0.0,~,,5.0,2.0,0.0,popt_near_grasp_if_big_gap,Faldu HPCA20 §6.1 + Balaji HPCA21 Fig 9 cross-check
email-Eu-core,pr,4MB,SRRIP,insufficient_data,0.0,~,,5.0,2.0,0.0,cache_policy,Jaleel et al. ISCA 2010 §5.2; Faldu et al. HPCA 2020 §6.1
email-Eu-core,pr,4MB,POPT_GE_GRASP,insufficient_data,0.0,-,,,1.0,0.0,popt_ge_grasp,Balaji & Lucia HPCA 2021 §6.3 (per-cell diagnostic; geomean is the claim)
email-Eu-core,pr,4MB,POPT_NEAR_GRASP_IF_BIG_GAP,insufficient_data,0.0,~,,5.0,2.0,0.0,popt_near_grasp_if_big_gap,Faldu HPCA20 §6.1 + Balaji HPCA21 Fig 9 cross-check
email-Eu-core,pr,8MB,SRRIP,insufficient_data,0.0,~,,5.0,2.0,0.0,cache_policy,Jaleel et al. ISCA 2010 §5.2; Faldu et al. HPCA 2020 §6.1
email-Eu-core,pr,8MB,GRASP,insufficient_data,0.0,~,,3.0,1.0,0.0,cache_policy,Faldu et al. HPCA 2020 Fig 10
email-Eu-core,pr,8MB,POPT_GE_GRASP,insufficient_data,0.0,-,,,1.0,0.0,popt_ge_grasp,Balaji & Lucia HPCA 2021 §6.3 (per-cell diagnostic; geomean is the claim)
email-Eu-core,pr,8MB,POPT_NEAR_GRASP_IF_BIG_GAP,insufficient_data,0.0,~,,5.0,2.0,0.0,popt_near_grasp_if_big_gap,Faldu HPCA20 §6.1 + Balaji HPCA21 Fig 9 cross-check
soc-LiveJournal1,bc,1MB,SRRIP,ok,-1.4743,~,,5.0,3.0,6.53,cache_policy,Jaleel et al. ISCA 2010 §5.2; Faldu et al. HPCA 2020 §6.1 (extended)
soc-LiveJournal1,bc,1MB,GRASP,ok,-3.3688,-,1.0,20.0,3.0,5.37,cache_policy,Faldu et al. HPCA 2020 Fig 11
soc-LiveJournal1,bc,1MB,POPT_GE_GRASP,ok,-0.6028,-,,,1.5,2.1028,popt_ge_grasp,Balaji & Lucia HPCA 2021 §6.3 (per-cell diagnostic; geomean is the claim)
soc-LiveJournal1,bc,1MB,POPT_NEAR_GRASP_IF_BIG_GAP,ok,0.6028,~,,5.0,2.0,7.6028,popt_near_grasp_inactive,Faldu HPCA20 §6.1 + Balaji HPCA21 Fig 9 cross-check
soc-LiveJournal1,bc,4MB,SRRIP,ok,-2.5503,~,,5.0,3.0,5.45,cache_policy,Jaleel et al. ISCA 2010 §5.2; Faldu et al. HPCA 2020 §6.1 (extended)
soc-LiveJournal1,bc,4MB,POPT_GE_GRASP,ok,0.2739,-,,,1.5,1.2261,popt_ge_grasp,Balaji & Lucia HPCA 2021 §6.3 (per-cell diagnostic; geomean is the claim)
soc-LiveJournal1,bc,4MB,POPT_NEAR_GRASP_IF_BIG_GAP,ok,0.2739,~,,5.0,2.0,6.7261,popt_near_grasp_inactive,Faldu HPCA20 §6.1 + Balaji HPCA21 Fig 9 cross-check
soc-LiveJournal1,bc,8MB,SRRIP,ok,-3.058,~,,5.0,3.0,4.945,cache_policy,Jaleel et al. ISCA 2010 §5.2; Faldu et al. HPCA 2020 §6.1 (extended)
soc-LiveJournal1,bc,8MB,POPT_GE_GRASP,ok,0.614,-,,,1.5,0.886,popt_ge_grasp,Balaji & Lucia HPCA 2021 §6.3 (per-cell diagnostic; geomean is the claim)
soc-LiveJournal1,bc,8MB,POPT_NEAR_GRASP_IF_BIG_GAP,ok,0.614,~,,5.0,2.0,6.386,popt_near_grasp_inactive,Faldu HPCA20 §6.1 + Balaji HPCA21 Fig 9 cross-check
soc-LiveJournal1,bfs,1MB,SRRIP,ok,-2.5003,~,,5.0,3.0,5.5,cache_policy,Jaleel et al. ISCA 2010 §5.2; Faldu et al. HPCA 2020 §6.1 (extended)
soc-LiveJournal1,bfs,1MB,GRASP,ok,-5.1967,-,0.5,15.0,3.0,7.7,cache_policy,Faldu et al. HPCA 2020 Fig 11
soc-LiveJournal1,bfs,1MB,POPT_GE_GRASP,ok,0.227,-,,,1.5,1.273,popt_ge_grasp,Balaji & Lucia HPCA 2021 §6.3 (per-cell diagnostic; geomean is the claim)
soc-LiveJournal1,bfs,1MB,POPT_NEAR_GRASP_IF_BIG_GAP,ok,0.227,~,,5.0,2.0,6.773,popt_near_grasp_inactive,Faldu HPCA20 §6.1 + Balaji HPCA21 Fig 9 cross-check
soc-LiveJournal1,bfs,4MB,SRRIP,ok,-2.6094,~,,5.0,3.0,5.395,cache_policy,Jaleel et al. ISCA 2010 §5.2; Faldu et al. HPCA 2020 §6.1 (extended)
soc-LiveJournal1,bfs,4MB,POPT_GE_GRASP,ok,1.499,-,,,1.5,0.001,popt_ge_grasp,Balaji & Lucia HPCA 2021 §6.3 (per-cell diagnostic; geomean is the claim)
soc-LiveJournal1,bfs,4MB,POPT_NEAR_GRASP_IF_BIG_GAP,ok,1.499,~,,5.0,2.0,5.501,popt_near_grasp_inactive,Faldu HPCA20 §6.1 + Balaji HPCA21 Fig 9 cross-check
soc-LiveJournal1,bfs,8MB,SRRIP,ok,-1.7234,~,,5.0,3.0,6.28,cache_policy,Jaleel et al. ISCA 2010 §5.2; Faldu et al. HPCA 2020 §6.1 (extended)
soc-LiveJournal1,bfs,8MB,POPT_GE_GRASP,ok,-0.5212,-,,,1.5,2.0212,popt_ge_grasp,Balaji & Lucia HPCA 2021 §6.3 (per-cell diagnostic; geomean is the claim)
soc-LiveJournal1,bfs,8MB,POPT_NEAR_GRASP_IF_BIG_GAP,ok,0.5212,~,,5.0,2.0,7.5212,popt_near_grasp_inactive,Faldu HPCA20 §6.1 + Balaji HPCA21 Fig 9 cross-check
soc-LiveJournal1,cc,1MB,SRRIP,ok,-2.4187,~,,10.0,3.0,10.585,cache_policy,Jaleel et al. ISCA 2010 §5.2 (scan-resistance argument extended to CC)
soc-LiveJournal1,cc,1MB,POPT_GE_GRASP,ok,-4.5756,-,,,1.5,6.0756,popt_ge_grasp,Balaji & Lucia HPCA 2021 §6.3 (per-cell diagnostic; geomean is the claim)
soc-LiveJournal1,cc,1MB,POPT_NEAR_GRASP_IF_BIG_GAP,ok,4.5756,~,,5.0,2.0,11.5756,popt_near_grasp_inactive,Faldu HPCA20 §6.1 + Balaji HPCA21 Fig 9 cross-check
soc-LiveJournal1,cc,4MB,SRRIP,ok,-2.1958,~,,10.0,3.0,10.805,cache_policy,Jaleel et al. ISCA 2010 §5.2 (scan-resistance argument extended to CC)
soc-LiveJournal1,cc,4MB,POPT_GE_GRASP,known_deviation,1.9937,-,,,1.5,0.0,popt_ge_grasp,Balaji & Lucia HPCA 2021 §6.3 (per-cell diagnostic; geomean is the claim)
soc-LiveJournal1,cc,4MB,POPT_NEAR_GRASP_IF_BIG_GAP,ok,1.9937,~,,5.0,2.0,5.0063,popt_near_grasp_active,Faldu HPCA20 §6.1 + Balaji HPCA21 Fig 9 cross-check
soc-LiveJournal1,cc,8MB,SRRIP,ok,-3.3306,~,,10.0,3.0,9.67,cache_policy,Jaleel et al. ISCA 2010 §5.2 (scan-resistance argument extended to CC)
soc-LiveJournal1,cc,8MB,POPT_GE_GRASP,known_deviation,5.8083,-,,,1.5,0.0,popt_ge_grasp,Balaji & Lucia HPCA 2021 §6.3 (per-cell diagnostic; geomean is the claim)
soc-LiveJournal1,cc,8MB,POPT_NEAR_GRASP_IF_BIG_GAP,ok,5.8083,~,,5.0,2.0,1.1917,popt_near_grasp_active,Faldu HPCA20 §6.1 + Balaji HPCA21 Fig 9 cross-check
soc-LiveJournal1,pr,1MB,SRRIP,ok,-3.1406,~,,5.0,2.0,3.86,cache_policy,Jaleel et al. ISCA 2010 §5.2; Faldu et al. HPCA 2020 §6.1
soc-LiveJournal1,pr,1MB,GRASP,ok,-8.2844,-,3.0,25.0,2.0,7.285,cache_policy,Faldu et al. HPCA 2020 Fig 10
soc-LiveJournal1,pr,1MB,POPT,ok,-13.4203,-,4.0,30.0,2.0,11.425,cache_policy,Balaji & Lucia HPCA 2021 Fig 9
soc-LiveJournal1,pr,1MB,POPT_GE_GRASP,ok,-5.1359,-,,,1.0,6.1359,popt_ge_grasp,Balaji & Lucia HPCA 2021 §6.3 (per-cell diagnostic; geomean is the claim)
soc-LiveJournal1,pr,1MB,POPT_NEAR_GRASP_IF_BIG_GAP,ok,5.1359,~,,5.0,2.0,12.1359,popt_near_grasp_inactive,Faldu HPCA20 §6.1 + Balaji HPCA21 Fig 9 cross-check
soc-LiveJournal1,pr,4MB,SRRIP,ok,-4.1505,~,,5.0,2.0,2.85,cache_policy,Jaleel et al. ISCA 2010 §5.2; Faldu et al. HPCA 2020 §6.1
soc-LiveJournal1,pr,4MB,POPT_GE_GRASP,ok,-6.8471,-,,,1.0,7.8471,popt_ge_grasp,Balaji & Lucia HPCA 2021 §6.3 (per-cell diagnostic; geomean is the claim)
soc-LiveJournal1,pr,4MB,POPT_NEAR_GRASP_IF_BIG_GAP,ok,6.8471,~,,5.0,2.0,13.8471,popt_near_grasp_inactive,Faldu HPCA20 §6.1 + Balaji HPCA21 Fig 9 cross-check
soc-LiveJournal1,pr,8MB,SRRIP,ok,-4.0482,~,,5.0,2.0,2.955,cache_policy,Jaleel et al. ISCA 2010 §5.2; Faldu et al. HPCA 2020 §6.1
soc-LiveJournal1,pr,8MB,GRASP,ok,-7.4565,-,1.0,12.0,2.0,8.46,cache_policy,Faldu et al. HPCA 2020 Fig 10
soc-LiveJournal1,pr,8MB,POPT_GE_GRASP,ok,-3.6018,-,,,1.0,4.6018,popt_ge_grasp,Balaji & Lucia HPCA 2021 §6.3 (per-cell diagnostic; geomean is the claim)
soc-LiveJournal1,pr,8MB,POPT_NEAR_GRASP_IF_BIG_GAP,ok,3.6018,~,,5.0,2.0,10.6018,popt_near_grasp_inactive,Faldu HPCA20 §6.1 + Balaji HPCA21 Fig 9 cross-check
soc-LiveJournal1,sssp,1MB,SRRIP,ok,-2.6226,~,,5.0,3.0,5.38,cache_policy,Jaleel et al. ISCA 2010 §5.2; Balaji & Lucia HPCA 2021 §6.3 (extended)
soc-LiveJournal1,sssp,1MB,POPT,ok,-7.3208,-,2.0,25.0,2.0,7.325,cache_policy,Balaji & Lucia HPCA 2021 Fig 10
soc-LiveJournal1,sssp,1MB,POPT_GE_GRASP,ok,-1.1336,-,,,1.5,2.6336,popt_ge_grasp,Balaji & Lucia HPCA 2021 §6.3 (per-cell diagnostic; geomean is the claim)
soc-LiveJournal1,sssp,1MB,POPT_NEAR_GRASP_IF_BIG_GAP,ok,1.1336,~,,5.0,2.0,8.1336,popt_near_grasp_inactive,Faldu HPCA20 §6.1 + Balaji HPCA21 Fig 9 cross-check
soc-LiveJournal1,sssp,4MB,SRRIP,ok,-2.9784,~,,5.0,3.0,5.025,cache_policy,Jaleel et al. ISCA 2010 §5.2; Balaji & Lucia HPCA 2021 §6.3 (extended)
soc-LiveJournal1,sssp,4MB,POPT_GE_GRASP,ok,0.0876,-,,,1.5,1.4124,popt_ge_grasp,Balaji & Lucia HPCA 2021 §6.3 (per-cell diagnostic; geomean is the claim)
soc-LiveJournal1,sssp,4MB,POPT_NEAR_GRASP_IF_BIG_GAP,ok,0.0876,~,,5.0,2.0,6.9124,popt_near_grasp_inactive,Faldu HPCA20 §6.1 + Balaji HPCA21 Fig 9 cross-check
soc-LiveJournal1,sssp,8MB,SRRIP,ok,-1.7788,~,,5.0,3.0,6.225,cache_policy,Jaleel et al. ISCA 2010 §5.2; Balaji & Lucia HPCA 2021 §6.3 (extended)
soc-LiveJournal1,sssp,8MB,POPT_GE_GRASP,ok,-0.4471,-,,,1.5,1.9471,popt_ge_grasp,Balaji & Lucia HPCA 2021 §6.3 (per-cell diagnostic; geomean is the claim)
soc-LiveJournal1,sssp,8MB,POPT_NEAR_GRASP_IF_BIG_GAP,ok,0.4471,~,,5.0,2.0,7.4471,popt_near_grasp_inactive,Faldu HPCA20 §6.1 + Balaji HPCA21 Fig 9 cross-check
soc-pokec,bc,1MB,SRRIP,ok,-1.5564,~,,5.0,3.0,6.445,cache_policy,Jaleel et al. ISCA 2010 §5.2; Faldu et al. HPCA 2020 §6.1 (extended)
soc-pokec,bc,1MB,GRASP,ok,-4.8921,-,0.5,15.0,3.0,7.395,cache_policy,Faldu et al. HPCA 2020 Fig 11
soc-pokec,bc,1MB,POPT_GE_GRASP,ok,-0.1125,-,,,1.5,1.6125,popt_ge_grasp,Balaji & Lucia HPCA 2021 §6.3 (per-cell diagnostic; geomean is the claim)
soc-pokec,bc,1MB,POPT_NEAR_GRASP_IF_BIG_GAP,ok,0.1125,~,,5.0,2.0,7.1125,popt_near_grasp_inactive,Faldu HPCA20 §6.1 + Balaji HPCA21 Fig 9 cross-check
soc-pokec,bc,4MB,SRRIP,ok,-3.3624,~,,5.0,3.0,4.64,cache_policy,Jaleel et al. ISCA 2010 §5.2; Faldu et al. HPCA 2020 §6.1 (extended)
soc-pokec,bc,4MB,POPT_GE_GRASP,ok,0.162,-,,,1.5,1.338,popt_ge_grasp,Balaji & Lucia HPCA 2021 §6.3 (per-cell diagnostic; geomean is the claim)
soc-pokec,bc,4MB,POPT_NEAR_GRASP_IF_BIG_GAP,ok,0.162,~,,5.0,2.0,6.838,popt_near_grasp_inactive,Faldu HPCA20 §6.1 + Balaji HPCA21 Fig 9 cross-check
soc-pokec,bc,8MB,SRRIP,ok,-2.6521,~,,5.0,3.0,5.35,cache_policy,Jaleel et al. ISCA 2010 §5.2; Faldu et al. HPCA 2020 §6.1 (extended)
soc-pokec,bc,8MB,POPT_GE_GRASP,ok,-0.5076,-,,,1.5,2.0076,popt_ge_grasp,Balaji & Lucia HPCA 2021 §6.3 (per-cell diagnostic; geomean is the claim)
soc-pokec,bc,8MB,POPT_NEAR_GRASP_IF_BIG_GAP,ok,0.5076,~,,5.0,2.0,7.5076,popt_near_grasp_inactive,Faldu HPCA20 §6.1 + Balaji HPCA21 Fig 9 cross-check
soc-pokec,bfs,1MB,SRRIP,ok,-1.407,~,,5.0,3.0,6.595,cache_policy,Jaleel et al. ISCA 2010 §5.2; Faldu et al. HPCA 2020 §6.1 (extended)
soc-pokec,bfs,1MB,POPT_GE_GRASP,ok,1.3587,-,,,1.5,0.1413,popt_ge_grasp,Balaji & Lucia HPCA 2021 §6.3 (per-cell diagnostic; geomean is the claim)
soc-pokec,bfs,1MB,POPT_NEAR_GRASP_IF_BIG_GAP,ok,1.3587,~,,5.0,2.0,5.6413,popt_near_grasp_inactive,Faldu HPCA20 §6.1 + Balaji HPCA21 Fig 9 cross-check
soc-pokec,bfs,4MB,SRRIP,ok,-0.6111,~,,5.0,3.0,7.39,cache_policy,Jaleel et al. ISCA 2010 §5.2; Faldu et al. HPCA 2020 §6.1 (extended)
soc-pokec,bfs,4MB,POPT_GE_GRASP,ok,-4.7802,-,,,1.5,6.2802,popt_ge_grasp,Balaji & Lucia HPCA 2021 §6.3 (per-cell diagnostic; geomean is the claim)
soc-pokec,bfs,4MB,POPT_NEAR_GRASP_IF_BIG_GAP,ok,4.7802,~,,5.0,2.0,11.7802,popt_near_grasp_inactive,Faldu HPCA20 §6.1 + Balaji HPCA21 Fig 9 cross-check
soc-pokec,bfs,8MB,SRRIP,ok,-0.6026,~,,5.0,3.0,7.4,cache_policy,Jaleel et al. ISCA 2010 §5.2; Faldu et al. HPCA 2020 §6.1 (extended)
soc-pokec,bfs,8MB,POPT_GE_GRASP,ok,-11.8172,-,,,1.5,13.3172,popt_ge_grasp,Balaji & Lucia HPCA 2021 §6.3 (per-cell diagnostic; geomean is the claim)
soc-pokec,bfs,8MB,POPT_NEAR_GRASP_IF_BIG_GAP,ok,11.8172,~,,5.0,2.0,18.8172,popt_near_grasp_inactive,Faldu HPCA20 §6.1 + Balaji HPCA21 Fig 9 cross-check
soc-pokec,cc,1MB,SRRIP,ok,-2.6854,~,,10.0,3.0,10.315,cache_policy,Jaleel et al. ISCA 2010 §5.2 (scan-resistance argument extended to CC)
soc-pokec,cc,1MB,POPT_GE_GRASP,known_deviation,3.7238,-,,,1.5,0.0,popt_ge_grasp,Balaji & Lucia HPCA 2021 §6.3 (per-cell diagnostic; geomean is the claim)
soc-pokec,cc,1MB,POPT_NEAR_GRASP_IF_BIG_GAP,ok,3.7238,~,,5.0,2.0,3.2762,popt_near_grasp_active,Faldu HPCA20 §6.1 + Balaji HPCA21 Fig 9 cross-check
soc-pokec,cc,4MB,SRRIP,ok,-8.4615,~,,10.0,3.0,4.54,cache_policy,Jaleel et al. ISCA 2010 §5.2 (scan-resistance argument extended to CC)
soc-pokec,cc,4MB,POPT_GE_GRASP,known_deviation,6.1477,-,,,1.5,0.0,popt_ge_grasp,Balaji & Lucia HPCA 2021 §6.3 (per-cell diagnostic; geomean is the claim)
soc-pokec,cc,4MB,POPT_NEAR_GRASP_IF_BIG_GAP,ok,6.1477,~,,5.0,2.0,0.8523,popt_near_grasp_active,Faldu HPCA20 §6.1 + Balaji HPCA21 Fig 9 cross-check
soc-pokec,cc,8MB,SRRIP,ok,0.0,~,,10.0,3.0,13.0,cache_policy,Jaleel et al. ISCA 2010 §5.2 (scan-resistance argument extended to CC)
soc-pokec,cc,8MB,POPT_GE_GRASP,ok,0.0,-,,,1.5,1.5,popt_ge_grasp,Balaji & Lucia HPCA 2021 §6.3 (per-cell diagnostic; geomean is the claim)
soc-pokec,cc,8MB,POPT_NEAR_GRASP_IF_BIG_GAP,ok,0.0,~,,5.0,2.0,7.0,popt_near_grasp_inactive,Faldu HPCA20 §6.1 + Balaji HPCA21 Fig 9 cross-check
soc-pokec,pr,1MB,SRRIP,ok,-4.4423,~,,5.0,2.0,2.56,cache_policy,Jaleel et al. ISCA 2010 §5.2; Faldu et al. HPCA 2020 §6.1
soc-pokec,pr,1MB,GRASP,ok,-14.0466,-,2.0,20.0,2.0,14.05,cache_policy,Faldu et al. HPCA 2020 Fig 10
soc-pokec,pr,1MB,POPT,ok,-16.9551,-,2.0,25.0,2.0,16.96,cache_policy,Balaji & Lucia HPCA 2021 Fig 9
soc-pokec,pr,1MB,POPT_GE_GRASP,ok,-2.9085,-,,,1.0,3.9085,popt_ge_grasp,Balaji & Lucia HPCA 2021 §6.3 (per-cell diagnostic; geomean is the claim)
soc-pokec,pr,1MB,POPT_NEAR_GRASP_IF_BIG_GAP,ok,2.9085,~,,5.0,2.0,9.9085,popt_near_grasp_active,Faldu HPCA20 §6.1 + Balaji HPCA21 Fig 9 cross-check
soc-pokec,pr,4MB,SRRIP,ok,-3.9125,~,,5.0,2.0,3.09,cache_policy,Jaleel et al. ISCA 2010 §5.2; Faldu et al. HPCA 2020 §6.1
soc-pokec,pr,4MB,POPT_GE_GRASP,ok,-1.8784,-,,,1.0,2.8784,popt_ge_grasp,Balaji & Lucia HPCA 2021 §6.3 (per-cell diagnostic; geomean is the claim)
soc-pokec,pr,4MB,POPT_NEAR_GRASP_IF_BIG_GAP,ok,1.8784,~,,5.0,2.0,8.8784,popt_near_grasp_inactive,Faldu HPCA20 §6.1 + Balaji HPCA21 Fig 9 cross-check
soc-pokec,pr,8MB,SRRIP,ok,-1.2921,~,,5.0,2.0,5.71,cache_policy,Jaleel et al. ISCA 2010 §5.2; Faldu et al. HPCA 2020 §6.1
soc-pokec,pr,8MB,GRASP,ok,-1.595,~,,5.0,2.0,5.41,cache_policy,Faldu et al. HPCA 2020 Fig 10
soc-pokec,pr,8MB,POPT_GE_GRASP,ok,0.1702,-,,,1.0,0.8298,popt_ge_grasp,Balaji & Lucia HPCA 2021 §6.3 (per-cell diagnostic; geomean is the claim)
soc-pokec,pr,8MB,POPT_NEAR_GRASP_IF_BIG_GAP,ok,0.1702,~,,5.0,2.0,6.8298,popt_near_grasp_inactive,Faldu HPCA20 §6.1 + Balaji HPCA21 Fig 9 cross-check
soc-pokec,sssp,1MB,SRRIP,ok,-3.5336,~,,5.0,3.0,4.47,cache_policy,Jaleel et al. ISCA 2010 §5.2; Balaji & Lucia HPCA 2021 §6.3 (extended)
soc-pokec,sssp,1MB,POPT,ok,-8.8953,-,1.0,20.0,2.0,9.9,cache_policy,Balaji & Lucia HPCA 2021 Fig 10
soc-pokec,sssp,1MB,POPT_GE_GRASP,known_deviation,2.4916,-,,,1.5,0.0,popt_ge_grasp,Balaji & Lucia HPCA 2021 §6.3 (per-cell diagnostic; geomean is the claim)
soc-pokec,sssp,1MB,POPT_NEAR_GRASP_IF_BIG_GAP,ok,2.4916,~,,5.0,2.0,4.5084,popt_near_grasp_active,Faldu HPCA20 §6.1 + Balaji HPCA21 Fig 9 cross-check
soc-pokec,sssp,4MB,SRRIP,ok,-1.2748,~,,5.0,3.0,6.73,cache_policy,Jaleel et al. ISCA 2010 §5.2; Balaji & Lucia HPCA 2021 §6.3 (extended)
soc-pokec,sssp,4MB,POPT_GE_GRASP,ok,0.1181,-,,,1.5,1.3819,popt_ge_grasp,Balaji & Lucia HPCA 2021 §6.3 (per-cell diagnostic; geomean is the claim)
soc-pokec,sssp,4MB,POPT_NEAR_GRASP_IF_BIG_GAP,ok,0.1181,~,,5.0,2.0,6.8819,popt_near_grasp_inactive,Faldu HPCA20 §6.1 + Balaji HPCA21 Fig 9 cross-check
soc-pokec,sssp,8MB,SRRIP,ok,0.0,~,,5.0,3.0,8.005,cache_policy,Jaleel et al. ISCA 2010 §5.2; Balaji & Lucia HPCA 2021 §6.3 (extended)
soc-pokec,sssp,8MB,POPT_GE_GRASP,ok,-0.4325,-,,,1.5,1.9325,popt_ge_grasp,Balaji & Lucia HPCA 2021 §6.3 (per-cell diagnostic; geomean is the claim)
soc-pokec,sssp,8MB,POPT_NEAR_GRASP_IF_BIG_GAP,ok,0.4325,~,,5.0,2.0,7.4325,popt_near_grasp_inactive,Faldu HPCA20 §6.1 + Balaji HPCA21 Fig 9 cross-check
web-Google,bc,1MB,SRRIP,ok,0.4243,~,,5.0,3.0,7.58,cache_policy,Jaleel et al. ISCA 2010 §5.2; Faldu et al. HPCA 2020 §6.1 (extended)
web-Google,bc,1MB,GRASP,ok,2.107,~,,5.0,3.0,5.895,cache_policy,Faldu et al. HPCA 2020 Fig 11
web-Google,bc,1MB,POPT_GE_GRASP,ok,-0.2204,-,,,1.5,1.7204,popt_ge_grasp,Balaji & Lucia HPCA 2021 §6.3 (per-cell diagnostic; geomean is the claim)
web-Google,bc,1MB,POPT_NEAR_GRASP_IF_BIG_GAP,ok,0.2204,~,,5.0,2.0,7.2204,popt_near_grasp_inactive,Faldu HPCA20 §6.1 + Balaji HPCA21 Fig 9 cross-check
web-Google,bc,4MB,SRRIP,ok,-1.729,~,,5.0,3.0,6.275,cache_policy,Jaleel et al. ISCA 2010 §5.2; Faldu et al. HPCA 2020 §6.1 (extended)
web-Google,bc,4MB,POPT_GE_GRASP,known_deviation,2.4858,-,,,1.5,0.0,popt_ge_grasp,Balaji & Lucia HPCA 2021 §6.3 (per-cell diagnostic; geomean is the claim)
web-Google,bc,4MB,POPT_NEAR_GRASP_IF_BIG_GAP,ok,2.4858,~,,5.0,2.0,4.5142,popt_near_grasp_inactive,Faldu HPCA20 §6.1 + Balaji HPCA21 Fig 9 cross-check
web-Google,bc,8MB,SRRIP,ok,-0.9605,~,,5.0,3.0,7.04,cache_policy,Jaleel et al. ISCA 2010 §5.2; Faldu et al. HPCA 2020 §6.1 (extended)
web-Google,bc,8MB,POPT_GE_GRASP,known_deviation,2.5758,-,,,1.5,0.0,popt_ge_grasp,Balaji & Lucia HPCA 2021 §6.3 (per-cell diagnostic; geomean is the claim)
web-Google,bc,8MB,POPT_NEAR_GRASP_IF_BIG_GAP,ok,2.5758,~,,5.0,2.0,4.4242,popt_near_grasp_inactive,Faldu HPCA20 §6.1 + Balaji HPCA21 Fig 9 cross-check
web-Google,bfs,1MB,SRRIP,ok,-0.0791,~,,5.0,3.0,7.925,cache_policy,Jaleel et al. ISCA 2010 §5.2; Faldu et al. HPCA 2020 §6.1 (extended)
web-Google,bfs,1MB,GRASP,ok,-3.601,~,,8.0,4.0,8.4,cache_policy,Faldu et al. HPCA 2020 Fig 11
web-Google,bfs,1MB,POPT_GE_GRASP,ok,1.1221,-,,,1.5,0.3779,popt_ge_grasp,Balaji & Lucia HPCA 2021 §6.3 (per-cell diagnostic; geomean is the claim)
web-Google,bfs,1MB,POPT_NEAR_GRASP_IF_BIG_GAP,ok,1.1221,~,,5.0,2.0,5.8779,popt_near_grasp_inactive,Faldu HPCA20 §6.1 + Balaji HPCA21 Fig 9 cross-check
web-Google,bfs,4MB,SRRIP,ok,-0.1241,~,,5.0,3.0,7.88,cache_policy,Jaleel et al. ISCA 2010 §5.2; Faldu et al. HPCA 2020 §6.1 (extended)
web-Google,bfs,4MB,POPT_GE_GRASP,ok,-15.4792,-,,,1.5,16.9792,popt_ge_grasp,Balaji & Lucia HPCA 2021 §6.3 (per-cell diagnostic; geomean is the claim)
web-Google,bfs,4MB,POPT_NEAR_GRASP_IF_BIG_GAP,ok,15.4792,~,,5.0,2.0,22.4792,popt_near_grasp_inactive,Faldu HPCA20 §6.1 + Balaji HPCA21 Fig 9 cross-check
web-Google,bfs,8MB,SRRIP,ok,-0.5736,~,,5.0,3.0,7.43,cache_policy,Jaleel et al. ISCA 2010 §5.2; Faldu et al. HPCA 2020 §6.1 (extended)
web-Google,bfs,8MB,POPT_GE_GRASP,ok,-17.4778,-,,,1.5,18.9778,popt_ge_grasp,Balaji & Lucia HPCA 2021 §6.3 (per-cell diagnostic; geomean is the claim)
web-Google,bfs,8MB,POPT_NEAR_GRASP_IF_BIG_GAP,ok,17.4778,~,,5.0,2.0,24.4778,popt_near_grasp_inactive,Faldu HPCA20 §6.1 + Balaji HPCA21 Fig 9 cross-check
web-Google,cc,1MB,SRRIP,ok,-2.9072,~,,10.0,3.0,10.095,cache_policy,Jaleel et al. ISCA 2010 §5.2 (scan-resistance argument extended to CC)
web-Google,cc,1MB,POPT_GE_GRASP,ok,-4.3184,-,,,1.5,5.8184,popt_ge_grasp,Balaji & Lucia HPCA 2021 §6.3 (per-cell diagnostic; geomean is the claim)
web-Google,cc,1MB,POPT_NEAR_GRASP_IF_BIG_GAP,ok,4.3184,~,,5.0,2.0,11.3184,popt_near_grasp_inactive,Faldu HPCA20 §6.1 + Balaji HPCA21 Fig 9 cross-check
web-Google,cc,4MB,SRRIP,ok,0.0,~,,10.0,3.0,13.0,cache_policy,Jaleel et al. ISCA 2010 §5.2 (scan-resistance argument extended to CC)
web-Google,cc,4MB,POPT_GE_GRASP,ok,0.0,-,,,1.5,1.5,popt_ge_grasp,Balaji & Lucia HPCA 2021 §6.3 (per-cell diagnostic; geomean is the claim)
web-Google,cc,4MB,POPT_NEAR_GRASP_IF_BIG_GAP,ok,0.0,~,,5.0,2.0,7.0,popt_near_grasp_inactive,Faldu HPCA20 §6.1 + Balaji HPCA21 Fig 9 cross-check
web-Google,cc,8MB,SRRIP,ok,0.0,~,,10.0,3.0,13.0,cache_policy,Jaleel et al. ISCA 2010 §5.2 (scan-resistance argument extended to CC)
web-Google,cc,8MB,POPT_GE_GRASP,ok,0.0,-,,,1.5,1.5,popt_ge_grasp,Balaji & Lucia HPCA 2021 §6.3 (per-cell diagnostic; geomean is the claim)
web-Google,cc,8MB,POPT_NEAR_GRASP_IF_BIG_GAP,ok,0.0,~,,5.0,2.0,7.0,popt_near_grasp_inactive,Faldu HPCA20 §6.1 + Balaji HPCA21 Fig 9 cross-check
web-Google,pr,1MB,SRRIP,ok,-5.749,~,,5.0,2.0,1.255,cache_policy,Jaleel et al. ISCA 2010 §5.2; Faldu et al. HPCA 2020 §6.1
web-Google,pr,1MB,GRASP,ok,-14.7453,-,1.0,15.0,2.0,15.75,cache_policy,Faldu et al. HPCA 2020 Fig 10
web-Google,pr,1MB,POPT,ok,-21.4332,-,1.0,20.0,2.0,22.435,cache_policy,Balaji & Lucia HPCA 2021 Fig 9
web-Google,pr,1MB,POPT_GE_GRASP,ok,-6.6879,-,,,1.0,7.6879,popt_ge_grasp,Balaji & Lucia HPCA 2021 §6.3 (per-cell diagnostic; geomean is the claim)
web-Google,pr,1MB,POPT_NEAR_GRASP_IF_BIG_GAP,ok,6.6879,~,,5.0,2.0,13.6879,popt_near_grasp_active,Faldu HPCA20 §6.1 + Balaji HPCA21 Fig 9 cross-check
web-Google,pr,4MB,SRRIP,ok,-2.2932,~,,5.0,2.0,4.71,cache_policy,Jaleel et al. ISCA 2010 §5.2; Faldu et al. HPCA 2020 §6.1
web-Google,pr,4MB,POPT_GE_GRASP,ok,-1.4171,-,,,1.0,2.4171,popt_ge_grasp,Balaji & Lucia HPCA 2021 §6.3 (per-cell diagnostic; geomean is the claim)
web-Google,pr,4MB,POPT_NEAR_GRASP_IF_BIG_GAP,ok,1.4171,~,,5.0,2.0,8.4171,popt_near_grasp_inactive,Faldu HPCA20 §6.1 + Balaji HPCA21 Fig 9 cross-check
web-Google,pr,8MB,SRRIP,ok,-0.379,~,,5.0,2.0,6.625,cache_policy,Jaleel et al. ISCA 2010 §5.2; Faldu et al. HPCA 2020 §6.1
web-Google,pr,8MB,GRASP,ok,0.9692,~,,3.0,1.0,3.035,cache_policy,Faldu et al. HPCA 2020 Fig 10
web-Google,pr,8MB,POPT_GE_GRASP,ok,-2.2498,-,,,1.0,3.2498,popt_ge_grasp,Balaji & Lucia HPCA 2021 §6.3 (per-cell diagnostic; geomean is the claim)
web-Google,pr,8MB,POPT_NEAR_GRASP_IF_BIG_GAP,ok,2.2498,~,,5.0,2.0,9.2498,popt_near_grasp_inactive,Faldu HPCA20 §6.1 + Balaji HPCA21 Fig 9 cross-check
web-Google,sssp,1MB,SRRIP,ok,-0.7599,~,,5.0,3.0,7.245,cache_policy,Jaleel et al. ISCA 2010 §5.2; Balaji & Lucia HPCA 2021 §6.3 (extended)
web-Google,sssp,1MB,POPT_GE_GRASP,ok,0.1683,-,,,1.5,1.3317,popt_ge_grasp,Balaji & Lucia HPCA 2021 §6.3 (per-cell diagnostic; geomean is the claim)
web-Google,sssp,1MB,POPT_NEAR_GRASP_IF_BIG_GAP,ok,0.1683,~,,5.0,2.0,6.8317,popt_near_grasp_inactive,Faldu HPCA20 §6.1 + Balaji HPCA21 Fig 9 cross-check
web-Google,sssp,4MB,SRRIP,ok,0.0,~,,5.0,3.0,8.005,cache_policy,Jaleel et al. ISCA 2010 §5.2; Balaji & Lucia HPCA 2021 §6.3 (extended)
web-Google,sssp,4MB,POPT_GE_GRASP,ok,-5.8141,-,,,1.5,7.3141,popt_ge_grasp,Balaji & Lucia HPCA 2021 §6.3 (per-cell diagnostic; geomean is the claim)
web-Google,sssp,4MB,POPT_NEAR_GRASP_IF_BIG_GAP,ok,5.8141,~,,5.0,2.0,12.8141,popt_near_grasp_inactive,Faldu HPCA20 §6.1 + Balaji HPCA21 Fig 9 cross-check
web-Google,sssp,8MB,SRRIP,ok,0.0,~,,5.0,3.0,8.005,cache_policy,Jaleel et al. ISCA 2010 §5.2; Balaji & Lucia HPCA 2021 §6.3 (extended)
web-Google,sssp,8MB,POPT_GE_GRASP,ok,-2.4063,-,,,1.5,3.9063,popt_ge_grasp,Balaji & Lucia HPCA 2021 §6.3 (per-cell diagnostic; geomean is the claim)
web-Google,sssp,8MB,POPT_NEAR_GRASP_IF_BIG_GAP,ok,2.4063,~,,5.0,2.0,9.4063,popt_near_grasp_inactive,Faldu HPCA20 §6.1 + Balaji HPCA21 Fig 9 cross-check
